
🔐 Homee auth kurulumu — env=test → https://redesign-prod.test.tepehome.com.tr
  ✓ Mevcut kapı state'i geçerli
  ↻ Üye oturumu geçersiz, yeniden login
  ✓ Üye state yazıldı → playwright/.auth/test-user.json


Running 77 tests using 1 worker

[1/77] [chromium] › tests/01-homepage.spec.ts:6:7 › 01 - Anasayfa › anasayfa yüklenir, başlık ve bilgi şeridi görünür
[2/77] [chromium] › tests/01-homepage.spec.ts:15:7 › 01 - Anasayfa › ürün kartları render olur ve ürün detayına gider
[3/77] [chromium] › tests/01-homepage.spec.ts:31:7 › 01 - Anasayfa › header öğeleri mevcut (kategoriler, arama, sepet, giriş, mağazalar)
[4/77] [chromium] › tests/01-homepage.spec.ts:42:7 › 01 - Anasayfa › footer bülten alanı ve başa dön butonu çalışır
[5/77] [chromium] › tests/01-homepage.spec.ts:55:7 › 01 - Anasayfa › anasayfada uygulama kaynaklı konsol hatası yok
[6/77] [chromium] › tests/02-navigation.spec.ts:8:7 › 02 - Navigasyon ve rota sağlığı › mega menü açılır ve kategori linkleri listelenir
[7/77] [chromium] › tests/02-navigation.spec.ts:17:7 › 02 - Navigasyon ve rota sağlığı › menüdeki tüm kategori rotaları açılır (404 yok)
[8/77] [chromium] › tests/02-navigation.spec.ts:35:7 › 02 - Navigasyon ve rota sağlığı › bilinen kırık linkler kayıt altında (düzelen listeden çıkarılmalı)
[9/77] [chromium] › tests/02-navigation.spec.ts:51:7 › 02 - Navigasyon ve rota sağlığı › header ana menü linkleri (MOBİLYA / EVDEKOR) 404 vermez
[10/77] [chromium] › tests/02-navigation.spec.ts:69:7 › 02 - Navigasyon ve rota sağlığı › boş kategoriler kayıt altında (dolan listeden çıkarılmalı)
[11/77] [chromium] › tests/02-navigation.spec.ts:85:7 › 02 - Navigasyon ve rota sağlığı › logo anasayfaya döner
[12/77] [chromium] › tests/02-navigation.spec.ts:100:7 › 02b - Domain sızması › test ortamı sayfaları prod domain'ine link vermiyor
[13/77] [chromium] › tests/03-category-listing.spec.ts:8:7 › 03 - Kategori / liste sayfası › ürün listesi render olur, sayaç ve kartlar tutarlı
[14/77] [chromium] › tests/03-category-listing.spec.ts:21:7 › 03 - Kategori / liste sayfası › ürün kartından detay sayfasına gidilir
[15/77] [chromium] › tests/03-category-listing.spec.ts:32:7 › 03 - Kategori / liste sayfası › filtre paneli açılır ve filtre grupları listelenir
[16/77] [chromium] › tests/03-category-listing.spec.ts:53:7 › 03 - Kategori / liste sayfası › filtre grubu genişletilir, seçenek işaretlenip uygulanır
[chromium] › tests/03-category-listing.spec.ts:53:7 › 03 - Kategori / liste sayfası › filtre grubu genişletilir, seçenek işaretlenip uygulanır
  filtre: 12 → 1 ürün | seçenekler: BEYAZ, GRİ, KAHVERENGİ, SİYAH

[17/77] [chromium] › tests/03-category-listing.spec.ts:80:7 › 03 - Kategori / liste sayfası › sıralama seçenekleri açılır
[chromium] › tests/03-category-listing.spec.ts:80:7 › 03 - Kategori / liste sayfası › sıralama seçenekleri açılır
  sıralama seçenekleri: Fiyat | Sırala: Önerilen | Önerilen | Alfabetik A-Z | En Düşük Fiyat | En Yüksek Fiyat | En Yüksek İndirim | En Düşük İndirim | En çok satanlar

[18/77] [chromium] › tests/03-category-listing.spec.ts:89:7 › 03 - Kategori / liste sayfası › 'DAHA FAZLA GÖSTER' listeyi büyütür
[19/77] [chromium] › tests/03-category-listing.spec.ts:99:7 › 03 - Kategori / liste sayfası › ürün dönen tüm kategori rotaları kart gösteriyor
[20/77] [chromium] › tests/04-search.spec.ts:12:7 › 04 - Arama › header aramasıyla sonuç sayfasına gidilir
[21/77] [chromium] › tests/04-search.spec.ts:25:7 › 04 - Arama › arama sonucu başlığı sorguyu ve adedi gösterir
[22/77] [chromium] › tests/04-search.spec.ts:34:7 › 04 - Arama › sonuç dönmeyen arama boş durum mesajı gösterir
[23/77] [chromium] › tests/04-search.spec.ts:47:7 › 04 - Arama › arama sonuç kartları site içi link veriyor
[24/77] [chromium] › tests/04-search.spec.ts:71:7 › 04 - Arama › arama sonuçları sorguyla alakalı
[25/77] [chromium] › tests/05-product-detail.spec.ts:8:7 › 05 - Ürün detay › başlık, ürün kodu ve fiyat görünür
[26/77] [chromium] › tests/05-product-detail.spec.ts:25:7 › 05 - Ürün detay › ürün detay sekmeleri açılır (Açıklama / Ölçüler / Teslimat)
[27/77] [chromium] › tests/05-product-detail.spec.ts:35:7 › 05 - Ürün detay › taksit seçenekleri açılır
[28/77] [chromium] › tests/05-product-detail.spec.ts:49:7 › 05 - Ürün detay › SEPETE EKLE butonu aktif ve ürün görseli yüklü
[29/77] [chromium] › tests/05-product-detail.spec.ts:67:7 › 05 - Ürün detay › ürün detayda uygulama kaynaklı konsol hatası yok
[30/77] [chromium] › tests/06-cart.spec.ts:19:7 › 06 - Sepet › ürün sepete eklenir ve sepette doğru satır görünür
[31/77] [chromium] › tests/06-cart.spec.ts:41:7 › 06 - Sepet › adet artırma ara toplamı doğru büyütür
[32/77] [chromium] › tests/06-cart.spec.ts:62:7 › 06 - Sepet › adet azaltma ara toplamı geri düşürür
[33/77] [chromium] › tests/06-cart.spec.ts:78:7 › 06 - Sepet › sipariş özeti: ara toplam + teslimat = toplam
[34/77] [chromium] › tests/06-cart.spec.ts:96:7 › 06 - Sepet › ürün sepetten silinir ve sepet boşalır
  1) [chromium] › tests/06-cart.spec.ts:96:7 › 06 - Sepet › ürün sepetten silinir ve sepet boşalır ─

    Error: expect(received).toBe(expected) // Object.is equality

    Expected: 1
    Received: 0

      102 |     const cart = new CartPage(page);
      103 |     await cart.open();
    > 104 |     expect(await cart.lineCount()).toBe(1);
          |                                    ^
      105 |
      106 |     // Yıkıcı işlem: index'e kilitli, global .last() ile arama yok
      107 |     const { before, after } = await cart.removeLineByIndex(0);
        at /Users/macbookair/Desktop/homee-tests/tests/06-cart.spec.ts:104:36

    attachment #1: screenshot (image/png) ──────────────────────────────────────────────────────────
    test-results/06-cart-06---Sepet-ürün-sepetten-silinir-ve-sepet-boşalır-chromium/test-failed-1.png
    ────────────────────────────────────────────────────────────────────────────────────────────────

    Error Context: test-results/06-cart-06---Sepet-ürün-sepetten-silinir-ve-sepet-boşalır-chromium/error-context.md


[35/77] [chromium] › tests/06-cart.spec.ts:112:7 › 06 - Sepet › boş sepette ödeme butonu yok, alışverişe devam bağlantısı var
[36/77] [chromium] › tests/06-cart.spec.ts:122:7 › 06 - Sepet › iki farklı ürün sepette iki satır oluşturur
[37/77] [chromium] › tests/07-stores.spec.ts:5:7 › 07 - Mağazalar › mağaza listesi yüklenir
[chromium] › tests/07-stores.spec.ts:5:7 › 07 - Mağazalar › mağaza listesi yüklenir
  4 mağaza: Lefkoşa, Ana Lokasyon, tuğçe 1 aş, Ankara Depo

[38/77] [chromium] › tests/07-stores.spec.ts:16:7 › 07 - Mağazalar › mağaza arama listeyi filtreler
[39/77] [chromium] › tests/08-static-pages.spec.ts:7:9 › 08 - Statik / kurumsal sayfalar › /magazalar açılır ve doğru başlığı gösterir
[40/77] [chromium] › tests/08-static-pages.spec.ts:7:9 › 08 - Statik / kurumsal sayfalar › /iletisim açılır ve doğru başlığı gösterir
[41/77] [chromium] › tests/08-static-pages.spec.ts:7:9 › 08 - Statik / kurumsal sayfalar › /blogs açılır ve doğru başlığı gösterir
[42/77] [chromium] › tests/08-static-pages.spec.ts:7:9 › 08 - Statik / kurumsal sayfalar › /sikca-sorulan-sorular açılır ve doğru başlığı gösterir
[43/77] [chromium] › tests/08-static-pages.spec.ts:7:9 › 08 - Statik / kurumsal sayfalar › /hakkimizda açılır ve doğru başlığı gösterir
[44/77] [chromium] › tests/08-static-pages.spec.ts:7:9 › 08 - Statik / kurumsal sayfalar › /bilkent-holding açılır ve doğru başlığı gösterir
[45/77] [chromium] › tests/08-static-pages.spec.ts:7:9 › 08 - Statik / kurumsal sayfalar › /etik-politikamiz açılır ve doğru başlığı gösterir
[46/77] [chromium] › tests/08-static-pages.spec.ts:7:9 › 08 - Statik / kurumsal sayfalar › /insan-kaynaklari açılır ve doğru başlığı gösterir
[47/77] [chromium] › tests/08-static-pages.spec.ts:7:9 › 08 - Statik / kurumsal sayfalar › /kvkk-aydinlatma-metni açılır ve doğru başlığı gösterir
[48/77] [chromium] › tests/08-static-pages.spec.ts:7:9 › 08 - Statik / kurumsal sayfalar › /privacy açılır ve doğru başlığı gösterir
[49/77] [chromium] › tests/08-static-pages.spec.ts:24:7 › 08 - Statik / kurumsal sayfalar › statik sayfalarda kırık görsel yok
[50/77] [chromium] › tests/09-forms.spec.ts:11:7 › 09 - Formlar (validasyon) › bülten aboneliği geçersiz e-postayı reddeder
[51/77] [chromium] › tests/09-forms.spec.ts:26:7 › 09 - Formlar (validasyon) › iletişim sayfası formu render olur
[52/77] [chromium] › tests/09-forms.spec.ts:37:7 › 09 - Formlar (validasyon) › iletişim formu boş gönderimde validasyon gösterir
[53/77] [chromium] › tests/20-login.spec.ts:10:7 › 20 - Giriş (pozitif / negatif) › giriş sayfası tüm yöntemleri sunar
[54/77] [chromium] › tests/20-login.spec.ts:23:7 › 20 - Giriş (pozitif / negatif) › e-posta formatı geçersizse uyarı verir
[55/77] [chromium] › tests/20-login.spec.ts:36:7 › 20 - Giriş (pozitif / negatif) › yanlış şifre ile giriş reddedilir
[56/77] [chromium] › tests/20-login.spec.ts:53:7 › 20 - Giriş (pozitif / negatif) › boş form gönderiminde zorunlu alan uyarısı
[57/77] [chromium] › tests/20-login.spec.ts:64:7 › 20 - Giriş (pozitif / negatif) › doğru bilgilerle giriş yapılır ve hesap sayfasına yönlenir
[58/77] [chromium] › tests/20-login.spec.ts:78:7 › 20 - Giriş (pozitif / negatif) › korumalı sayfa misafirken login'e yönlendirir
[59/77] [chromium] › tests/21-account-overview.spec.ts:9:7 › 21 - Hesabım özeti › hesap özeti kullanıcı bilgilerini gösterir
[60/77] [chromium] › tests/21-account-overview.spec.ts:19:7 › 21 - Hesabım özeti › hesap menüsündeki tüm alt sayfalar açılır
[61/77] [chromium] › tests/21-account-overview.spec.ts:43:7 › 21 - Hesabım özeti › siparişlerim sayfası liste veya boş durum gösterir
[62/77] [chromium] › tests/21-account-overview.spec.ts:54:7 › 21 - Hesabım özeti › favorilerim sayfası liste veya boş durum gösterir
[63/77] [chromium] › tests/21-account-overview.spec.ts:62:7 › 21 - Hesabım özeti › çıkış yapınca oturum kapanır ve korumalı sayfa login'e döner
[64/77] [chromium] › tests/22-addresses.spec.ts:13:7 › 22 - Adres yönetimi › adres listesi ve 'YENİ ADRES EKLE' formu açılır
[65/77] [chromium] › tests/22-addresses.spec.ts:30:7 › 22 - Adres yönetimi › boş form kaydedilmeye çalışılınca validasyon verir
[66/77] [chromium] › tests/22-addresses.spec.ts:46:7 › 22 - Adres yönetimi › yeni adres eklenir, listede görünür ve sonra silinir
[67/77] [chromium] › tests/23-favorites.spec.ts:12:7 › 23 - Favoriler › ürün favoriye eklenir, favorilerimde görünür, sonra kaldırılır
[68/77] [chromium] › tests/23-favorites.spec.ts:47:7 › 23 - Favoriler › favorilerim sayfası liste veya boş durum gösterir
[69/77] [chromium] › tests/24-orders.spec.ts:6:7 › 24 - Siparişler ve iadeler › siparişlerim sayfası hatasız yüklenir
[70/77] [chromium] › tests/24-orders.spec.ts:19:7 › 24 - Siparişler ve iadeler › iadelerim sayfası hatasız yüklenir (API hata durumu yok)
[71/77] [chromium] › tests/24-orders.spec.ts:28:7 › 24 - Siparişler ve iadeler › sipariş özeti hesap ana sayfasında görünür
[72/77] [chromium] › tests/25-checkout-to-payment.spec.ts:22:7 › 25 - Ödeme adımı (sipariş tamamlanmaz) › sepetten ödeme adımına geçilir ve tüm bölümler render olur
[73/77] [chromium] › tests/25-checkout-to-payment.spec.ts:47:7 › 25 - Ödeme adımı (sipariş tamamlanmaz) › ödeme yöntemleri (kredi kartı / havale) seçilebilir
[74/77] [chromium] › tests/25-checkout-to-payment.spec.ts:70:7 › 25 - Ödeme adımı (sipariş tamamlanmaz) › sözleşme metinleri yüklenir (Mesafeli Satış / Ön Bilgilendirme)
  2) [chromium] › tests/25-checkout-to-payment.spec.ts:70:7 › 25 - Ödeme adımı (sipariş tamamlanmaz) › sözleşme metinleri yüklenir (Mesafeli Satış / Ön Bilgilendirme) 

    Error: sözleşme metinleri yüklenemedi:
    Mesafeli satış sözleşmesi yüklenemedi.
    Ön bilgilendirme formu yüklenemedi.

    expect(received).toBe(expected) // Object.is equality

    Expected: true
    Received: false

      78 |
      79 |     const { ok, errors } = await checkout.contractsLoaded();
    > 80 |     expect(ok, `sözleşme metinleri yüklenemedi:\n${errors.join("\n")}`).toBe(true);
         |                                                                         ^
      81 |   });
      82 |
      83 |   test("sözleşme onayı olmadan ödeme butonu ilerletmez", async ({ memberPage }) => {
        at /Users/macbookair/Desktop/homee-tests/tests/25-checkout-to-payment.spec.ts:80:73

    attachment #1: screenshot (image/png) ──────────────────────────────────────────────────────────
    test-results/25-checkout-to-payment-25--a9537-eli-Satış-Ön-Bilgilendirme--chromium/test-failed-1.png
    ────────────────────────────────────────────────────────────────────────────────────────────────

    Error Context: test-results/25-checkout-to-payment-25--a9537-eli-Satış-Ön-Bilgilendirme--chromium/error-context.md


[75/77] [chromium] › tests/25-checkout-to-payment.spec.ts:83:7 › 25 - Ödeme adımı (sipariş tamamlanmaz) › sözleşme onayı olmadan ödeme butonu ilerletmez
[76/77] [chromium] › tests/25-checkout-to-payment.spec.ts:99:7 › 25 - Ödeme adımı (sipariş tamamlanmaz) › adres olmadan uyarı gösterilir
[77/77] [chromium] › tests/25-checkout-to-payment.spec.ts:116:7 › 25 - Ödeme adımı (sipariş tamamlanmaz) › sipariş tamamlama guard'ı aktif (ALLOW_HOMEE_ORDERS)
  2 failed
    [chromium] › tests/06-cart.spec.ts:96:7 › 06 - Sepet › ürün sepetten silinir ve sepet boşalır ──
    [chromium] › tests/25-checkout-to-payment.spec.ts:70:7 › 25 - Ödeme adımı (sipariş tamamlanmaz) › sözleşme metinleri yüklenir (Mesafeli Satış / Ön Bilgilendirme) 
  75 passed (15.9m)
{
  "config": {
    "argv": [
      "/usr/local/bin/node",
      "/Users/macbookair/Desktop/homee-tests/node_modules/.bin/playwright",
      "test",
      "--project=chromium",
      "--reporter=line,json"
    ],
    "configFile": "/Users/macbookair/Desktop/homee-tests/playwright.config.ts",
    "rootDir": "/Users/macbookair/Desktop/homee-tests/tests",
    "failOnFlakyTests": false,
    "forbidOnly": false,
    "fullyParallel": false,
    "globalSetup": "/Users/macbookair/Desktop/homee-tests/global-setup.ts",
    "globalTeardown": null,
    "globalTimeout": 0,
    "grep": {},
    "grepInvert": null,
    "maxFailures": 0,
    "metadata": {
      "actualWorkers": 1
    },
    "preserveOutput": "always",
    "projects": [
      {
        "outputDir": "/Users/macbookair/Desktop/homee-tests/test-results",
        "repeatEach": 1,
        "retries": 0,
        "metadata": {
          "actualWorkers": 1
        },
        "id": "chromium",
        "name": "chromium",
        "testDir": "/Users/macbookair/Desktop/homee-tests/tests",
        "testIgnore": [],
        "testMatch": [
          "**/*.@(spec|test).?(c|m)[jt]s?(x)"
        ],
        "timeout": 45000
      },
      {
        "outputDir": "/Users/macbookair/Desktop/homee-tests/test-results",
        "repeatEach": 1,
        "retries": 0,
        "metadata": {
          "actualWorkers": 1
        },
        "id": "mobile",
        "name": "mobile",
        "testDir": "/Users/macbookair/Desktop/homee-tests/tests",
        "testIgnore": [],
        "testMatch": [
          "**/*.@(spec|test).?(c|m)[jt]s?(x)"
        ],
        "timeout": 45000
      }
    ],
    "quiet": false,
    "reporter": [
      [
        "line"
      ],
      [
        "json"
      ]
    ],
    "reportSlowTests": {
      "max": 5,
      "threshold": 300000
    },
    "shard": null,
    "tags": [],
    "updateSnapshots": "missing",
    "updateSourceMethod": "patch",
    "version": "1.62.1",
    "workers": 1,
    "webServer": null
  },
  "suites": [
    {
      "title": "01-homepage.spec.ts",
      "file": "01-homepage.spec.ts",
      "column": 0,
      "line": 0,
      "specs": [],
      "suites": [
        {
          "title": "01 - Anasayfa",
          "file": "01-homepage.spec.ts",
          "line": 5,
          "column": 6,
          "specs": [
            {
              "title": "anasayfa yüklenir, başlık ve bilgi şeridi görünür",
              "ok": true,
              "tags": [],
              "tests": [
                {
                  "timeout": 45000,
                  "annotations": [],
                  "expectedStatus": "passed",
                  "projectId": "chromium",
                  "projectName": "chromium",
                  "results": [
                    {
                      "workerIndex": 0,
                      "parallelIndex": 0,
                      "status": "passed",
                      "duration": 3205,
                      "errors": [],
                      "stdout": [],
                      "stderr": [],
                      "retry": 0,
                      "startTime": "2026-08-18T12:12:56.742Z",
                      "annotations": [],
                      "attachments": []
                    }
                  ],
                  "status": "expected"
                }
              ],
              "id": "9992779f7716d889cb78-1c910ff9b4e38a4bc06f",
              "file": "01-homepage.spec.ts",
              "line": 6,
              "column": 7
            },
            {
              "title": "ürün kartları render olur ve ürün detayına gider",
              "ok": true,
              "tags": [],
              "tests": [
                {
                  "timeout": 45000,
                  "annotations": [],
                  "expectedStatus": "passed",
                  "projectId": "chromium",
                  "projectName": "chromium",
                  "results": [
                    {
                      "workerIndex": 0,
                      "parallelIndex": 0,
                      "status": "passed",
                      "duration": 9389,
                      "errors": [],
                      "stdout": [],
                      "stderr": [],
                      "retry": 0,
                      "startTime": "2026-08-18T12:13:01.895Z",
                      "annotations": [],
                      "attachments": []
                    }
                  ],
                  "status": "expected"
                }
              ],
              "id": "9992779f7716d889cb78-35b13e35f51a58a0d771",
              "file": "01-homepage.spec.ts",
              "line": 15,
              "column": 7
            },
            {
              "title": "header öğeleri mevcut (kategoriler, arama, sepet, giriş, mağazalar)",
              "ok": true,
              "tags": [],
              "tests": [
                {
                  "timeout": 45000,
                  "annotations": [],
                  "expectedStatus": "passed",
                  "projectId": "chromium",
                  "projectName": "chromium",
                  "results": [
                    {
                      "workerIndex": 0,
                      "parallelIndex": 0,
                      "status": "passed",
                      "duration": 2720,
                      "errors": [],
                      "stdout": [],
                      "stderr": [],
                      "retry": 0,
                      "startTime": "2026-08-18T12:13:11.300Z",
                      "annotations": [],
                      "attachments": []
                    }
                  ],
                  "status": "expected"
                }
              ],
              "id": "9992779f7716d889cb78-15fa83469d22ea67d950",
              "file": "01-homepage.spec.ts",
              "line": 31,
              "column": 7
            },
            {
              "title": "footer bülten alanı ve başa dön butonu çalışır",
              "ok": true,
              "tags": [],
              "tests": [
                {
                  "timeout": 45000,
                  "annotations": [],
                  "expectedStatus": "passed",
                  "projectId": "chromium",
                  "projectName": "chromium",
                  "results": [
                    {
                      "workerIndex": 0,
                      "parallelIndex": 0,
                      "status": "passed",
                      "duration": 5037,
                      "errors": [],
                      "stdout": [],
                      "stderr": [],
                      "retry": 0,
                      "startTime": "2026-08-18T12:13:14.035Z",
                      "annotations": [],
                      "attachments": []
                    }
                  ],
                  "status": "expected"
                }
              ],
              "id": "9992779f7716d889cb78-ebd9beaf50bf9f61a680",
              "file": "01-homepage.spec.ts",
              "line": 42,
              "column": 7
            },
            {
              "title": "anasayfada uygulama kaynaklı konsol hatası yok",
              "ok": true,
              "tags": [],
              "tests": [
                {
                  "timeout": 45000,
                  "annotations": [],
                  "expectedStatus": "passed",
                  "projectId": "chromium",
                  "projectName": "chromium",
                  "results": [
                    {
                      "workerIndex": 0,
                      "parallelIndex": 0,
                      "status": "passed",
                      "duration": 6138,
                      "errors": [],
                      "stdout": [],
                      "stderr": [],
                      "retry": 0,
                      "startTime": "2026-08-18T12:13:19.096Z",
                      "annotations": [],
                      "attachments": []
                    }
                  ],
                  "status": "expected"
                }
              ],
              "id": "9992779f7716d889cb78-e2aa94c81aceea9f657e",
              "file": "01-homepage.spec.ts",
              "line": 55,
              "column": 7
            }
          ]
        }
      ]
    },
    {
      "title": "02-navigation.spec.ts",
      "file": "02-navigation.spec.ts",
      "column": 0,
      "line": 0,
      "specs": [],
      "suites": [
        {
          "title": "02 - Navigasyon ve rota sağlığı",
          "file": "02-navigation.spec.ts",
          "line": 7,
          "column": 6,
          "specs": [
            {
              "title": "mega menü açılır ve kategori linkleri listelenir",
              "ok": true,
              "tags": [],
              "tests": [
                {
                  "timeout": 45000,
                  "annotations": [],
                  "expectedStatus": "passed",
                  "projectId": "chromium",
                  "projectName": "chromium",
                  "results": [
                    {
                      "workerIndex": 0,
                      "parallelIndex": 0,
                      "status": "passed",
                      "duration": 9057,
                      "errors": [],
                      "stdout": [],
                      "stderr": [],
                      "retry": 0,
                      "startTime": "2026-08-18T12:13:25.284Z",
                      "annotations": [],
                      "attachments": []
                    }
                  ],
                  "status": "expected"
                }
              ],
              "id": "693a0a9757374728c9b4-fc77b300dc3a05789606",
              "file": "02-navigation.spec.ts",
              "line": 8,
              "column": 7
            },
            {
              "title": "menüdeki tüm kategori rotaları açılır (404 yok)",
              "ok": true,
              "tags": [],
              "tests": [
                {
                  "timeout": 240000,
                  "annotations": [],
                  "expectedStatus": "passed",
                  "projectId": "chromium",
                  "projectName": "chromium",
                  "results": [
                    {
                      "workerIndex": 0,
                      "parallelIndex": 0,
                      "status": "passed",
                      "duration": 15175,
                      "errors": [],
                      "stdout": [],
                      "stderr": [],
                      "retry": 0,
                      "startTime": "2026-08-18T12:13:34.361Z",
                      "annotations": [],
                      "attachments": []
                    }
                  ],
                  "status": "expected"
                }
              ],
              "id": "693a0a9757374728c9b4-0f4bb01441e90e2c24fb",
              "file": "02-navigation.spec.ts",
              "line": 17,
              "column": 7
            },
            {
              "title": "bilinen kırık linkler kayıt altında (düzelen listeden çıkarılmalı)",
              "ok": true,
              "tags": [],
              "tests": [
                {
                  "timeout": 180000,
                  "annotations": [],
                  "expectedStatus": "passed",
                  "projectId": "chromium",
                  "projectName": "chromium",
                  "results": [
                    {
                      "workerIndex": 0,
                      "parallelIndex": 0,
                      "status": "passed",
                      "duration": 8239,
                      "errors": [],
                      "stdout": [],
                      "stderr": [],
                      "retry": 0,
                      "startTime": "2026-08-18T12:13:49.554Z",
                      "annotations": [],
                      "attachments": []
                    }
                  ],
                  "status": "expected"
                }
              ],
              "id": "693a0a9757374728c9b4-1375eb5fb1fe721be793",
              "file": "02-navigation.spec.ts",
              "line": 35,
              "column": 7
            },
            {
              "title": "header ana menü linkleri (MOBİLYA / EVDEKOR) 404 vermez",
              "ok": true,
              "tags": [],
              "tests": [
                {
                  "timeout": 120000,
                  "annotations": [],
                  "expectedStatus": "passed",
                  "projectId": "chromium",
                  "projectName": "chromium",
                  "results": [
                    {
                      "workerIndex": 0,
                      "parallelIndex": 0,
                      "status": "passed",
                      "duration": 6746,
                      "errors": [],
                      "stdout": [],
                      "stderr": [],
                      "retry": 0,
                      "startTime": "2026-08-18T12:13:57.810Z",
                      "annotations": [],
                      "attachments": []
                    }
                  ],
                  "status": "expected"
                }
              ],
              "id": "693a0a9757374728c9b4-96b824a517de52d759e2",
              "file": "02-navigation.spec.ts",
              "line": 51,
              "column": 7
            },
            {
              "title": "boş kategoriler kayıt altında (dolan listeden çıkarılmalı)",
              "ok": true,
              "tags": [],
              "tests": [
                {
                  "timeout": 180000,
                  "annotations": [],
                  "expectedStatus": "passed",
                  "projectId": "chromium",
                  "projectName": "chromium",
                  "results": [
                    {
                      "workerIndex": 0,
                      "parallelIndex": 0,
                      "status": "passed",
                      "duration": 8802,
                      "errors": [],
                      "stdout": [],
                      "stderr": [],
                      "retry": 0,
                      "startTime": "2026-08-18T12:14:04.588Z",
                      "annotations": [],
                      "attachments": []
                    }
                  ],
                  "status": "expected"
                }
              ],
              "id": "693a0a9757374728c9b4-16925f4bc0be58bdb6b5",
              "file": "02-navigation.spec.ts",
              "line": 69,
              "column": 7
            },
            {
              "title": "logo anasayfaya döner",
              "ok": true,
              "tags": [],
              "tests": [
                {
                  "timeout": 45000,
                  "annotations": [],
                  "expectedStatus": "passed",
                  "projectId": "chromium",
                  "projectName": "chromium",
                  "results": [
                    {
                      "workerIndex": 0,
                      "parallelIndex": 0,
                      "status": "passed",
                      "duration": 6913,
                      "errors": [],
                      "stdout": [],
                      "stderr": [],
                      "retry": 0,
                      "startTime": "2026-08-18T12:14:13.406Z",
                      "annotations": [],
                      "attachments": []
                    }
                  ],
                  "status": "expected"
                }
              ],
              "id": "693a0a9757374728c9b4-d4b0a2adf699f7c51095",
              "file": "02-navigation.spec.ts",
              "line": 85,
              "column": 7
            }
          ]
        },
        {
          "title": "02b - Domain sızması",
          "file": "02-navigation.spec.ts",
          "line": 94,
          "column": 6,
          "specs": [
            {
              "title": "test ortamı sayfaları prod domain'ine link vermiyor",
              "ok": true,
              "tags": [],
              "tests": [
                {
                  "timeout": 150000,
                  "annotations": [
                    {
                      "type": "fail",
                      "description": "HOMEE-005: Arama sonuc kartlarinin tamami https://prod.tepehome.com.tr/... adresine link veriyor (PersonaClick full_search); kullanici test ortamindan canli siteye cikiyor",
                      "location": {
                        "file": "/Users/macbookair/Desktop/homee-tests/tests/02-navigation.spec.ts",
                        "line": 102,
                        "column": 10
                      }
                    }
                  ],
                  "expectedStatus": "failed",
                  "projectId": "chromium",
                  "projectName": "chromium",
                  "results": [
                    {
                      "workerIndex": 0,
                      "parallelIndex": 0,
                      "status": "failed",
                      "duration": 8679,
                      "error": {
                        "message": "Error: prod domain'ine sızan linkler:\n/arama?q=koltuk → 20 link, örn: https://prod.tepehome.com.tr/the-tonka-ve-myrrh-kolonya-kolonya-50ml-p-2051273?recommended_by=full_search&recommended_code=koltuk\n/arama?q=zzzqwertyyok → 8 link, örn: https://prod.tepehome.com.tr/vegas-sandalye-p-1009610?recommended_by=dynamic&recommended_code=5b4ba183f20fe44109f5562c79f52d2e\n\n\u001b[2mexpect(\u001b[22m\u001b[31mreceived\u001b[39m\u001b[2m).\u001b[22mtoHaveLength\u001b[2m(\u001b[22m\u001b[32mexpected\u001b[39m\u001b[2m)\u001b[22m\n\nExpected length: \u001b[32m0\u001b[39m\nReceived length: \u001b[31m2\u001b[39m\nReceived array:  \u001b[31m[\"/arama?q=koltuk → 20 link, örn: https://prod.tepehome.com.tr/the-tonka-ve-myrrh-kolonya-kolonya-50ml-p-2051273?recommended_by=full_search&recommended_code=koltuk\", \"/arama?q=zzzqwertyyok → 8 link, örn: https://prod.tepehome.com.tr/vegas-sandalye-p-1009610?recommended_by=dynamic&recommended_code=5b4ba183f20fe44109f5562c79f52d2e\"]\u001b[39m",
                        "stack": "Error: prod domain'ine sızan linkler:\n/arama?q=koltuk → 20 link, örn: https://prod.tepehome.com.tr/the-tonka-ve-myrrh-kolonya-kolonya-50ml-p-2051273?recommended_by=full_search&recommended_code=koltuk\n/arama?q=zzzqwertyyok → 8 link, örn: https://prod.tepehome.com.tr/vegas-sandalye-p-1009610?recommended_by=dynamic&recommended_code=5b4ba183f20fe44109f5562c79f52d2e\n\n\u001b[2mexpect(\u001b[22m\u001b[31mreceived\u001b[39m\u001b[2m).\u001b[22mtoHaveLength\u001b[2m(\u001b[22m\u001b[32mexpected\u001b[39m\u001b[2m)\u001b[22m\n\nExpected length: \u001b[32m0\u001b[39m\nReceived length: \u001b[31m2\u001b[39m\nReceived array:  \u001b[31m[\"/arama?q=koltuk → 20 link, örn: https://prod.tepehome.com.tr/the-tonka-ve-myrrh-kolonya-kolonya-50ml-p-2051273?recommended_by=full_search&recommended_code=koltuk\", \"/arama?q=zzzqwertyyok → 8 link, örn: https://prod.tepehome.com.tr/vegas-sandalye-p-1009610?recommended_by=dynamic&recommended_code=5b4ba183f20fe44109f5562c79f52d2e\"]\u001b[39m\n    at /Users/macbookair/Desktop/homee-tests/tests/02-navigation.spec.ts:115:74",
                        "location": {
                          "file": "/Users/macbookair/Desktop/homee-tests/tests/02-navigation.spec.ts",
                          "column": 74,
                          "line": 115
                        },
                        "snippet": "  113 |     }\n  114 |\n> 115 |     expect(leaks, `prod domain'ine sızan linkler:\\n${leaks.join(\"\\n\")}`).toHaveLength(0);\n      |                                                                          ^\n  116 |   });\n  117 | });\n  118 |"
                      },
                      "errors": [
                        {
                          "location": {
                            "file": "/Users/macbookair/Desktop/homee-tests/tests/02-navigation.spec.ts",
                            "column": 74,
                            "line": 115
                          },
                          "message": "Error: prod domain'ine sızan linkler:\n/arama?q=koltuk → 20 link, örn: https://prod.tepehome.com.tr/the-tonka-ve-myrrh-kolonya-kolonya-50ml-p-2051273?recommended_by=full_search&recommended_code=koltuk\n/arama?q=zzzqwertyyok → 8 link, örn: https://prod.tepehome.com.tr/vegas-sandalye-p-1009610?recommended_by=dynamic&recommended_code=5b4ba183f20fe44109f5562c79f52d2e\n\n\u001b[2mexpect(\u001b[22m\u001b[31mreceived\u001b[39m\u001b[2m).\u001b[22mtoHaveLength\u001b[2m(\u001b[22m\u001b[32mexpected\u001b[39m\u001b[2m)\u001b[22m\n\nExpected length: \u001b[32m0\u001b[39m\nReceived length: \u001b[31m2\u001b[39m\nReceived array:  \u001b[31m[\"/arama?q=koltuk → 20 link, örn: https://prod.tepehome.com.tr/the-tonka-ve-myrrh-kolonya-kolonya-50ml-p-2051273?recommended_by=full_search&recommended_code=koltuk\", \"/arama?q=zzzqwertyyok → 8 link, örn: https://prod.tepehome.com.tr/vegas-sandalye-p-1009610?recommended_by=dynamic&recommended_code=5b4ba183f20fe44109f5562c79f52d2e\"]\u001b[39m\n\n  113 |     }\n  114 |\n> 115 |     expect(leaks, `prod domain'ine sızan linkler:\\n${leaks.join(\"\\n\")}`).toHaveLength(0);\n      |                                                                          ^\n  116 |   });\n  117 | });\n  118 |\n    at /Users/macbookair/Desktop/homee-tests/tests/02-navigation.spec.ts:115:74"
                        }
                      ],
                      "stdout": [],
                      "stderr": [],
                      "retry": 0,
                      "startTime": "2026-08-18T12:14:20.338Z",
                      "annotations": [
                        {
                          "type": "fail",
                          "description": "HOMEE-005: Arama sonuc kartlarinin tamami https://prod.tepehome.com.tr/... adresine link veriyor (PersonaClick full_search); kullanici test ortamindan canli siteye cikiyor",
                          "location": {
                            "file": "/Users/macbookair/Desktop/homee-tests/tests/02-navigation.spec.ts",
                            "line": 102,
                            "column": 10
                          }
                        }
                      ],
                      "attachments": [
                        {
                          "name": "error-context",
                          "contentType": "text/markdown",
                          "path": "/Users/macbookair/Desktop/homee-tests/test-results/02-navigation-02b---Domain-ee374-od-domain-ine-link-vermiyor-chromium/error-context.md"
                        }
                      ],
                      "errorLocation": {
                        "file": "/Users/macbookair/Desktop/homee-tests/tests/02-navigation.spec.ts",
                        "column": 74,
                        "line": 115
                      }
                    }
                  ],
                  "status": "expected"
                }
              ],
              "id": "693a0a9757374728c9b4-8137ae0bbf75c642edab",
              "file": "02-navigation.spec.ts",
              "line": 100,
              "column": 7
            }
          ]
        }
      ]
    },
    {
      "title": "03-category-listing.spec.ts",
      "file": "03-category-listing.spec.ts",
      "column": 0,
      "line": 0,
      "specs": [],
      "suites": [
        {
          "title": "03 - Kategori / liste sayfası",
          "file": "03-category-listing.spec.ts",
          "line": 7,
          "column": 6,
          "specs": [
            {
              "title": "ürün listesi render olur, sayaç ve kartlar tutarlı",
              "ok": true,
              "tags": [],
              "tests": [
                {
                  "timeout": 45000,
                  "annotations": [],
                  "expectedStatus": "passed",
                  "projectId": "chromium",
                  "projectName": "chromium",
                  "results": [
                    {
                      "workerIndex": 0,
                      "parallelIndex": 0,
                      "status": "passed",
                      "duration": 4717,
                      "errors": [],
                      "stdout": [],
                      "stderr": [],
                      "retry": 0,
                      "startTime": "2026-08-18T12:14:29.054Z",
                      "annotations": [],
                      "attachments": []
                    }
                  ],
                  "status": "expected"
                }
              ],
              "id": "79f25b2753778acb53b2-ca9ae7ef584a588c879d",
              "file": "03-category-listing.spec.ts",
              "line": 8,
              "column": 7
            },
            {
              "title": "ürün kartından detay sayfasına gidilir",
              "ok": true,
              "tags": [],
              "tests": [
                {
                  "timeout": 45000,
                  "annotations": [],
                  "expectedStatus": "passed",
                  "projectId": "chromium",
                  "projectName": "chromium",
                  "results": [
                    {
                      "workerIndex": 0,
                      "parallelIndex": 0,
                      "status": "passed",
                      "duration": 5382,
                      "errors": [],
                      "stdout": [],
                      "stderr": [],
                      "retry": 0,
                      "startTime": "2026-08-18T12:14:33.784Z",
                      "annotations": [],
                      "attachments": []
                    }
                  ],
                  "status": "expected"
                }
              ],
              "id": "79f25b2753778acb53b2-4461d637a11f5ec28af7",
              "file": "03-category-listing.spec.ts",
              "line": 21,
              "column": 7
            },
            {
              "title": "filtre paneli açılır ve filtre grupları listelenir",
              "ok": true,
              "tags": [],
              "tests": [
                {
                  "timeout": 45000,
                  "annotations": [],
                  "expectedStatus": "passed",
                  "projectId": "chromium",
                  "projectName": "chromium",
                  "results": [
                    {
                      "workerIndex": 0,
                      "parallelIndex": 0,
                      "status": "passed",
                      "duration": 4757,
                      "errors": [],
                      "stdout": [],
                      "stderr": [],
                      "retry": 0,
                      "startTime": "2026-08-18T12:14:39.183Z",
                      "annotations": [],
                      "attachments": []
                    }
                  ],
                  "status": "expected"
                }
              ],
              "id": "79f25b2753778acb53b2-28858d68a7e3bab0fed5",
              "file": "03-category-listing.spec.ts",
              "line": 32,
              "column": 7
            },
            {
              "title": "filtre grubu genişletilir, seçenek işaretlenip uygulanır",
              "ok": true,
              "tags": [],
              "tests": [
                {
                  "timeout": 150000,
                  "annotations": [],
                  "expectedStatus": "passed",
                  "projectId": "chromium",
                  "projectName": "chromium",
                  "results": [
                    {
                      "workerIndex": 0,
                      "parallelIndex": 0,
                      "status": "passed",
                      "duration": 7745,
                      "errors": [],
                      "stdout": [
                        {
                          "text": "  filtre: 12 → 1 ürün | seçenekler: BEYAZ, GRİ, KAHVERENGİ, SİYAH\n"
                        }
                      ],
                      "stderr": [],
                      "retry": 0,
                      "startTime": "2026-08-18T12:14:43.957Z",
                      "annotations": [],
                      "attachments": []
                    }
                  ],
                  "status": "expected"
                }
              ],
              "id": "79f25b2753778acb53b2-f10a9fae4dedc0c64469",
              "file": "03-category-listing.spec.ts",
              "line": 53,
              "column": 7
            },
            {
              "title": "sıralama seçenekleri açılır",
              "ok": true,
              "tags": [],
              "tests": [
                {
                  "timeout": 45000,
                  "annotations": [],
                  "expectedStatus": "passed",
                  "projectId": "chromium",
                  "projectName": "chromium",
                  "results": [
                    {
                      "workerIndex": 0,
                      "parallelIndex": 0,
                      "status": "passed",
                      "duration": 4043,
                      "errors": [],
                      "stdout": [
                        {
                          "text": "  sıralama seçenekleri: Fiyat | Sırala: Önerilen | Önerilen | Alfabetik A-Z | En Düşük Fiyat | En Yüksek Fiyat | En Yüksek İndirim | En Düşük İndirim | En çok satanlar\n"
                        }
                      ],
                      "stderr": [],
                      "retry": 0,
                      "startTime": "2026-08-18T12:14:51.736Z",
                      "annotations": [],
                      "attachments": []
                    }
                  ],
                  "status": "expected"
                }
              ],
              "id": "79f25b2753778acb53b2-69c55d9f9265fe07416b",
              "file": "03-category-listing.spec.ts",
              "line": 80,
              "column": 7
            },
            {
              "title": "'DAHA FAZLA GÖSTER' listeyi büyütür",
              "ok": true,
              "tags": [],
              "tests": [
                {
                  "timeout": 120000,
                  "annotations": [],
                  "expectedStatus": "passed",
                  "projectId": "chromium",
                  "projectName": "chromium",
                  "results": [
                    {
                      "workerIndex": 0,
                      "parallelIndex": 0,
                      "status": "passed",
                      "duration": 8762,
                      "errors": [],
                      "stdout": [],
                      "stderr": [],
                      "retry": 0,
                      "startTime": "2026-08-18T12:14:55.797Z",
                      "annotations": [],
                      "attachments": []
                    }
                  ],
                  "status": "expected"
                }
              ],
              "id": "79f25b2753778acb53b2-91cfbf5e763a93a84b20",
              "file": "03-category-listing.spec.ts",
              "line": 89,
              "column": 7
            },
            {
              "title": "ürün dönen tüm kategori rotaları kart gösteriyor",
              "ok": true,
              "tags": [],
              "tests": [
                {
                  "timeout": 180000,
                  "annotations": [],
                  "expectedStatus": "passed",
                  "projectId": "chromium",
                  "projectName": "chromium",
                  "results": [
                    {
                      "workerIndex": 0,
                      "parallelIndex": 0,
                      "status": "passed",
                      "duration": 6858,
                      "errors": [],
                      "stdout": [],
                      "stderr": [],
                      "retry": 0,
                      "startTime": "2026-08-18T12:15:04.572Z",
                      "annotations": [],
                      "attachments": []
                    }
                  ],
                  "status": "expected"
                }
              ],
              "id": "79f25b2753778acb53b2-71cb676542f19f0a83cf",
              "file": "03-category-listing.spec.ts",
              "line": 99,
              "column": 7
            }
          ]
        }
      ]
    },
    {
      "title": "04-search.spec.ts",
      "file": "04-search.spec.ts",
      "column": 0,
      "line": 0,
      "specs": [],
      "suites": [
        {
          "title": "04 - Arama",
          "file": "04-search.spec.ts",
          "line": 11,
          "column": 6,
          "specs": [
            {
              "title": "header aramasıyla sonuç sayfasına gidilir",
              "ok": true,
              "tags": [],
              "tests": [
                {
                  "timeout": 45000,
                  "annotations": [],
                  "expectedStatus": "passed",
                  "projectId": "chromium",
                  "projectName": "chromium",
                  "results": [
                    {
                      "workerIndex": 0,
                      "parallelIndex": 0,
                      "status": "passed",
                      "duration": 5810,
                      "errors": [],
                      "stdout": [],
                      "stderr": [],
                      "retry": 0,
                      "startTime": "2026-08-18T12:15:11.457Z",
                      "annotations": [],
                      "attachments": []
                    }
                  ],
                  "status": "expected"
                }
              ],
              "id": "2e9bfd3348bbeba6f7e3-c9f2ca1d365c9f4305a9",
              "file": "04-search.spec.ts",
              "line": 12,
              "column": 7
            },
            {
              "title": "arama sonucu başlığı sorguyu ve adedi gösterir",
              "ok": true,
              "tags": [],
              "tests": [
                {
                  "timeout": 45000,
                  "annotations": [],
                  "expectedStatus": "passed",
                  "projectId": "chromium",
                  "projectName": "chromium",
                  "results": [
                    {
                      "workerIndex": 0,
                      "parallelIndex": 0,
                      "status": "passed",
                      "duration": 3008,
                      "errors": [],
                      "stdout": [],
                      "stderr": [],
                      "retry": 0,
                      "startTime": "2026-08-18T12:15:17.281Z",
                      "annotations": [],
                      "attachments": []
                    }
                  ],
                  "status": "expected"
                }
              ],
              "id": "2e9bfd3348bbeba6f7e3-f48b0f830dc90d75b1bd",
              "file": "04-search.spec.ts",
              "line": 25,
              "column": 7
            },
            {
              "title": "sonuç dönmeyen arama boş durum mesajı gösterir",
              "ok": true,
              "tags": [],
              "tests": [
                {
                  "timeout": 45000,
                  "annotations": [],
                  "expectedStatus": "passed",
                  "projectId": "chromium",
                  "projectName": "chromium",
                  "results": [
                    {
                      "workerIndex": 0,
                      "parallelIndex": 0,
                      "status": "passed",
                      "duration": 4213,
                      "errors": [],
                      "stdout": [],
                      "stderr": [],
                      "retry": 0,
                      "startTime": "2026-08-18T12:15:20.314Z",
                      "annotations": [],
                      "attachments": []
                    }
                  ],
                  "status": "expected"
                }
              ],
              "id": "2e9bfd3348bbeba6f7e3-895bd5ce5818d2506f62",
              "file": "04-search.spec.ts",
              "line": 34,
              "column": 7
            },
            {
              "title": "arama sonuç kartları site içi link veriyor",
              "ok": true,
              "tags": [],
              "tests": [
                {
                  "timeout": 45000,
                  "annotations": [
                    {
                      "type": "fail",
                      "description": "HOMEE-005: Arama sonuc kartlarinin tamami https://prod.tepehome.com.tr/... adresine link veriyor (PersonaClick full_search); kullanici test ortamindan canli siteye cikiyor",
                      "location": {
                        "file": "/Users/macbookair/Desktop/homee-tests/tests/04-search.spec.ts",
                        "line": 48,
                        "column": 10
                      }
                    }
                  ],
                  "expectedStatus": "failed",
                  "projectId": "chromium",
                  "projectName": "chromium",
                  "results": [
                    {
                      "workerIndex": 0,
                      "parallelIndex": 0,
                      "status": "failed",
                      "duration": 12764,
                      "error": {
                        "message": "Error: 100/100 sonuç kartı dış domain'e gidiyor, örn: https://prod.tepehome.com.tr/the-tonka-ve-myrrh-kolonya-kolonya-50ml-p-2051273?recommended_by=full_search&recommended_code=koltuk\n\n\u001b[2mexpect(\u001b[22m\u001b[31mreceived\u001b[39m\u001b[2m).\u001b[22mtoHaveLength\u001b[2m(\u001b[22m\u001b[32mexpected\u001b[39m\u001b[2m)\u001b[22m\n\nExpected length: \u001b[32m0\u001b[39m\nReceived length: \u001b[31m100\u001b[39m\nReceived array:  \u001b[31m[\"https://prod.tepehome.com.tr/the-tonka-ve-myrrh-kolonya-kolonya-50ml-p-2051273?recommended_by=full_search&recommended_code=koltuk\", \"https://prod.tepehome.com.tr/the-tonka-ve-myrrh-kolonya-kolonya-100ml-p-2051269?recommended_by=full_search&recommended_code=koltuk\", \"https://prod.tepehome.com.tr/bergamot-kolonya-100ml-p-2051268?recommended_by=full_search&recommended_code=koltuk\", \"https://prod.tepehome.com.tr/galvaniz-metal-siyah-s-saklama-kutusu-p-2058587?recommended_by=full_search&recommended_code=koltuk\", \"https://prod.tepehome.com.tr/dekoratif-mum-ledli-gri-beton-efekt-kck-p-2058737?recommended_by=full_search&recommended_code=koltuk\", \"https://prod.tepehome.com.tr/ambrette-kolonya-50ml-p-2051274?recommended_by=full_search&recommended_code=koltuk\", \"https://prod.tepehome.com.tr/bergamot-kolonya-50ml-p-2051272?recommended_by=full_search&recommended_code=koltuk\", \"https://prod.tepehome.com.tr/beyaz-erguvan-kolonya-50ml-p-2051271?recommended_by=full_search&recommended_code=koltuk\", \"https://prod.tepehome.com.tr/jut-tekne-buketi-p-2058546?recommended_by=full_search&recommended_code=koltuk\", \"https://prod.tepehome.com.tr/dekoratif-mum-cam-ledli-silindir-kucuk-p-2058739?recommended_by=full_search&recommended_code=koltuk\", …]\u001b[39m",
                        "stack": "Error: 100/100 sonuç kartı dış domain'e gidiyor, örn: https://prod.tepehome.com.tr/the-tonka-ve-myrrh-kolonya-kolonya-50ml-p-2051273?recommended_by=full_search&recommended_code=koltuk\n\n\u001b[2mexpect(\u001b[22m\u001b[31mreceived\u001b[39m\u001b[2m).\u001b[22mtoHaveLength\u001b[2m(\u001b[22m\u001b[32mexpected\u001b[39m\u001b[2m)\u001b[22m\n\nExpected length: \u001b[32m0\u001b[39m\nReceived length: \u001b[31m100\u001b[39m\nReceived array:  \u001b[31m[\"https://prod.tepehome.com.tr/the-tonka-ve-myrrh-kolonya-kolonya-50ml-p-2051273?recommended_by=full_search&recommended_code=koltuk\", \"https://prod.tepehome.com.tr/the-tonka-ve-myrrh-kolonya-kolonya-100ml-p-2051269?recommended_by=full_search&recommended_code=koltuk\", \"https://prod.tepehome.com.tr/bergamot-kolonya-100ml-p-2051268?recommended_by=full_search&recommended_code=koltuk\", \"https://prod.tepehome.com.tr/galvaniz-metal-siyah-s-saklama-kutusu-p-2058587?recommended_by=full_search&recommended_code=koltuk\", \"https://prod.tepehome.com.tr/dekoratif-mum-ledli-gri-beton-efekt-kck-p-2058737?recommended_by=full_search&recommended_code=koltuk\", \"https://prod.tepehome.com.tr/ambrette-kolonya-50ml-p-2051274?recommended_by=full_search&recommended_code=koltuk\", \"https://prod.tepehome.com.tr/bergamot-kolonya-50ml-p-2051272?recommended_by=full_search&recommended_code=koltuk\", \"https://prod.tepehome.com.tr/beyaz-erguvan-kolonya-50ml-p-2051271?recommended_by=full_search&recommended_code=koltuk\", \"https://prod.tepehome.com.tr/jut-tekne-buketi-p-2058546?recommended_by=full_search&recommended_code=koltuk\", \"https://prod.tepehome.com.tr/dekoratif-mum-cam-ledli-silindir-kucuk-p-2058739?recommended_by=full_search&recommended_code=koltuk\", …]\u001b[39m\n    at /Users/macbookair/Desktop/homee-tests/tests/04-search.spec.ts:63:7",
                        "location": {
                          "file": "/Users/macbookair/Desktop/homee-tests/tests/04-search.spec.ts",
                          "column": 7,
                          "line": 63
                        },
                        "snippet": "  61 |       external,\n  62 |       `${external.length}/${all.length} sonuç kartı dış domain'e gidiyor, örn: ${external[0]}`,\n> 63 |     ).toHaveLength(0);\n     |       ^\n  64 |   });\n  65 |\n  66 |   /**"
                      },
                      "errors": [
                        {
                          "location": {
                            "file": "/Users/macbookair/Desktop/homee-tests/tests/04-search.spec.ts",
                            "column": 7,
                            "line": 63
                          },
                          "message": "Error: 100/100 sonuç kartı dış domain'e gidiyor, örn: https://prod.tepehome.com.tr/the-tonka-ve-myrrh-kolonya-kolonya-50ml-p-2051273?recommended_by=full_search&recommended_code=koltuk\n\n\u001b[2mexpect(\u001b[22m\u001b[31mreceived\u001b[39m\u001b[2m).\u001b[22mtoHaveLength\u001b[2m(\u001b[22m\u001b[32mexpected\u001b[39m\u001b[2m)\u001b[22m\n\nExpected length: \u001b[32m0\u001b[39m\nReceived length: \u001b[31m100\u001b[39m\nReceived array:  \u001b[31m[\"https://prod.tepehome.com.tr/the-tonka-ve-myrrh-kolonya-kolonya-50ml-p-2051273?recommended_by=full_search&recommended_code=koltuk\", \"https://prod.tepehome.com.tr/the-tonka-ve-myrrh-kolonya-kolonya-100ml-p-2051269?recommended_by=full_search&recommended_code=koltuk\", \"https://prod.tepehome.com.tr/bergamot-kolonya-100ml-p-2051268?recommended_by=full_search&recommended_code=koltuk\", \"https://prod.tepehome.com.tr/galvaniz-metal-siyah-s-saklama-kutusu-p-2058587?recommended_by=full_search&recommended_code=koltuk\", \"https://prod.tepehome.com.tr/dekoratif-mum-ledli-gri-beton-efekt-kck-p-2058737?recommended_by=full_search&recommended_code=koltuk\", \"https://prod.tepehome.com.tr/ambrette-kolonya-50ml-p-2051274?recommended_by=full_search&recommended_code=koltuk\", \"https://prod.tepehome.com.tr/bergamot-kolonya-50ml-p-2051272?recommended_by=full_search&recommended_code=koltuk\", \"https://prod.tepehome.com.tr/beyaz-erguvan-kolonya-50ml-p-2051271?recommended_by=full_search&recommended_code=koltuk\", \"https://prod.tepehome.com.tr/jut-tekne-buketi-p-2058546?recommended_by=full_search&recommended_code=koltuk\", \"https://prod.tepehome.com.tr/dekoratif-mum-cam-ledli-silindir-kucuk-p-2058739?recommended_by=full_search&recommended_code=koltuk\", …]\u001b[39m\n\n  61 |       external,\n  62 |       `${external.length}/${all.length} sonuç kartı dış domain'e gidiyor, örn: ${external[0]}`,\n> 63 |     ).toHaveLength(0);\n     |       ^\n  64 |   });\n  65 |\n  66 |   /**\n    at /Users/macbookair/Desktop/homee-tests/tests/04-search.spec.ts:63:7"
                        }
                      ],
                      "stdout": [],
                      "stderr": [],
                      "retry": 0,
                      "startTime": "2026-08-18T12:15:24.545Z",
                      "annotations": [
                        {
                          "type": "fail",
                          "description": "HOMEE-005: Arama sonuc kartlarinin tamami https://prod.tepehome.com.tr/... adresine link veriyor (PersonaClick full_search); kullanici test ortamindan canli siteye cikiyor",
                          "location": {
                            "file": "/Users/macbookair/Desktop/homee-tests/tests/04-search.spec.ts",
                            "line": 48,
                            "column": 10
                          }
                        }
                      ],
                      "attachments": [
                        {
                          "name": "error-context",
                          "contentType": "text/markdown",
                          "path": "/Users/macbookair/Desktop/homee-tests/test-results/04-search-04---Arama-arama-1990b-tları-site-içi-link-veriyor-chromium/error-context.md"
                        }
                      ],
                      "errorLocation": {
                        "file": "/Users/macbookair/Desktop/homee-tests/tests/04-search.spec.ts",
                        "column": 7,
                        "line": 63
                      }
                    }
                  ],
                  "status": "expected"
                }
              ],
              "id": "2e9bfd3348bbeba6f7e3-2cd93f96c2cee3099f64",
              "file": "04-search.spec.ts",
              "line": 47,
              "column": 7
            },
            {
              "title": "arama sonuçları sorguyla alakalı",
              "ok": true,
              "tags": [],
              "tests": [
                {
                  "timeout": 45000,
                  "annotations": [],
                  "expectedStatus": "passed",
                  "projectId": "chromium",
                  "projectName": "chromium",
                  "results": [
                    {
                      "workerIndex": 0,
                      "parallelIndex": 0,
                      "status": "passed",
                      "duration": 8528,
                      "errors": [],
                      "stdout": [],
                      "stderr": [],
                      "retry": 0,
                      "startTime": "2026-08-18T12:15:37.439Z",
                      "annotations": [],
                      "attachments": []
                    }
                  ],
                  "status": "expected"
                }
              ],
              "id": "2e9bfd3348bbeba6f7e3-b4774cda51a77d682e71",
              "file": "04-search.spec.ts",
              "line": 71,
              "column": 7
            }
          ]
        }
      ]
    },
    {
      "title": "05-product-detail.spec.ts",
      "file": "05-product-detail.spec.ts",
      "column": 0,
      "line": 0,
      "specs": [],
      "suites": [
        {
          "title": "05 - Ürün detay",
          "file": "05-product-detail.spec.ts",
          "line": 7,
          "column": 6,
          "specs": [
            {
              "title": "başlık, ürün kodu ve fiyat görünür",
              "ok": true,
              "tags": [],
              "tests": [
                {
                  "timeout": 45000,
                  "annotations": [],
                  "expectedStatus": "passed",
                  "projectId": "chromium",
                  "projectName": "chromium",
                  "results": [
                    {
                      "workerIndex": 0,
                      "parallelIndex": 0,
                      "status": "passed",
                      "duration": 7157,
                      "errors": [],
                      "stdout": [],
                      "stderr": [],
                      "retry": 0,
                      "startTime": "2026-08-18T12:15:46.090Z",
                      "annotations": [],
                      "attachments": []
                    }
                  ],
                  "status": "expected"
                }
              ],
              "id": "14ec8158cd9acd7f089b-379138a3379232ee1f9f",
              "file": "05-product-detail.spec.ts",
              "line": 8,
              "column": 7
            },
            {
              "title": "ürün detay sekmeleri açılır (Açıklama / Ölçüler / Teslimat)",
              "ok": true,
              "tags": [],
              "tests": [
                {
                  "timeout": 45000,
                  "annotations": [],
                  "expectedStatus": "passed",
                  "projectId": "chromium",
                  "projectName": "chromium",
                  "results": [
                    {
                      "workerIndex": 0,
                      "parallelIndex": 0,
                      "status": "passed",
                      "duration": 6958,
                      "errors": [],
                      "stdout": [],
                      "stderr": [],
                      "retry": 0,
                      "startTime": "2026-08-18T12:15:53.268Z",
                      "annotations": [],
                      "attachments": []
                    }
                  ],
                  "status": "expected"
                }
              ],
              "id": "14ec8158cd9acd7f089b-8c8f8854f4a46faa3aab",
              "file": "05-product-detail.spec.ts",
              "line": 25,
              "column": 7
            },
            {
              "title": "taksit seçenekleri açılır",
              "ok": true,
              "tags": [],
              "tests": [
                {
                  "timeout": 45000,
                  "annotations": [],
                  "expectedStatus": "passed",
                  "projectId": "chromium",
                  "projectName": "chromium",
                  "results": [
                    {
                      "workerIndex": 0,
                      "parallelIndex": 0,
                      "status": "passed",
                      "duration": 7435,
                      "errors": [],
                      "stdout": [],
                      "stderr": [],
                      "retry": 0,
                      "startTime": "2026-08-18T12:16:00.262Z",
                      "annotations": [],
                      "attachments": []
                    }
                  ],
                  "status": "expected"
                }
              ],
              "id": "14ec8158cd9acd7f089b-9f58783085ee8985a3c9",
              "file": "05-product-detail.spec.ts",
              "line": 35,
              "column": 7
            },
            {
              "title": "SEPETE EKLE butonu aktif ve ürün görseli yüklü",
              "ok": true,
              "tags": [],
              "tests": [
                {
                  "timeout": 45000,
                  "annotations": [],
                  "expectedStatus": "passed",
                  "projectId": "chromium",
                  "projectName": "chromium",
                  "results": [
                    {
                      "workerIndex": 0,
                      "parallelIndex": 0,
                      "status": "passed",
                      "duration": 4756,
                      "errors": [],
                      "stdout": [],
                      "stderr": [],
                      "retry": 0,
                      "startTime": "2026-08-18T12:16:07.716Z",
                      "annotations": [],
                      "attachments": []
                    }
                  ],
                  "status": "expected"
                }
              ],
              "id": "14ec8158cd9acd7f089b-64df2b91d94c45375ceb",
              "file": "05-product-detail.spec.ts",
              "line": 49,
              "column": 7
            },
            {
              "title": "ürün detayda uygulama kaynaklı konsol hatası yok",
              "ok": true,
              "tags": [],
              "tests": [
                {
                  "timeout": 45000,
                  "annotations": [
                    {
                      "type": "fail",
                      "description": "HOMEE-001: pageerror: \"parameters is not iterable\"",
                      "location": {
                        "file": "/Users/macbookair/Desktop/homee-tests/tests/05-product-detail.spec.ts",
                        "line": 68,
                        "column": 10
                      }
                    }
                  ],
                  "expectedStatus": "failed",
                  "projectId": "chromium",
                  "projectName": "chromium",
                  "results": [
                    {
                      "workerIndex": 0,
                      "parallelIndex": 0,
                      "status": "failed",
                      "duration": 5273,
                      "error": {
                        "message": "Error: Konsol hataları:\npageerror: parameters is not iterable\n\n\u001b[2mexpect(\u001b[22m\u001b[31mreceived\u001b[39m\u001b[2m).\u001b[22mtoHaveLength\u001b[2m(\u001b[22m\u001b[32mexpected\u001b[39m\u001b[2m)\u001b[22m\n\nExpected length: \u001b[32m0\u001b[39m\nReceived length: \u001b[31m1\u001b[39m\nReceived array:  \u001b[31m[\"pageerror: parameters is not iterable\"]\u001b[39m",
                        "stack": "Error: Konsol hataları:\npageerror: parameters is not iterable\n\n\u001b[2mexpect(\u001b[22m\u001b[31mreceived\u001b[39m\u001b[2m).\u001b[22mtoHaveLength\u001b[2m(\u001b[22m\u001b[32mexpected\u001b[39m\u001b[2m)\u001b[22m\n\nExpected length: \u001b[32m0\u001b[39m\nReceived length: \u001b[31m1\u001b[39m\nReceived array:  \u001b[31m[\"pageerror: parameters is not iterable\"]\u001b[39m\n    at /Users/macbookair/Desktop/homee-tests/tests/05-product-detail.spec.ts:75:68",
                        "location": {
                          "file": "/Users/macbookair/Desktop/homee-tests/tests/05-product-detail.spec.ts",
                          "column": 68,
                          "line": 75
                        },
                        "snippet": "  73 |\n  74 |     const appErrors = BasePage.appErrorsOnly(errors);\n> 75 |     expect(appErrors, `Konsol hataları:\\n${appErrors.join(\"\\n\")}`).toHaveLength(0);\n     |                                                                    ^\n  76 |   });\n  77 | });\n  78 |"
                      },
                      "errors": [
                        {
                          "location": {
                            "file": "/Users/macbookair/Desktop/homee-tests/tests/05-product-detail.spec.ts",
                            "column": 68,
                            "line": 75
                          },
                          "message": "Error: Konsol hataları:\npageerror: parameters is not iterable\n\n\u001b[2mexpect(\u001b[22m\u001b[31mreceived\u001b[39m\u001b[2m).\u001b[22mtoHaveLength\u001b[2m(\u001b[22m\u001b[32mexpected\u001b[39m\u001b[2m)\u001b[22m\n\nExpected length: \u001b[32m0\u001b[39m\nReceived length: \u001b[31m1\u001b[39m\nReceived array:  \u001b[31m[\"pageerror: parameters is not iterable\"]\u001b[39m\n\n  73 |\n  74 |     const appErrors = BasePage.appErrorsOnly(errors);\n> 75 |     expect(appErrors, `Konsol hataları:\\n${appErrors.join(\"\\n\")}`).toHaveLength(0);\n     |                                                                    ^\n  76 |   });\n  77 | });\n  78 |\n    at /Users/macbookair/Desktop/homee-tests/tests/05-product-detail.spec.ts:75:68"
                        }
                      ],
                      "stdout": [],
                      "stderr": [],
                      "retry": 0,
                      "startTime": "2026-08-18T12:16:12.503Z",
                      "annotations": [
                        {
                          "type": "fail",
                          "description": "HOMEE-001: pageerror: \"parameters is not iterable\"",
                          "location": {
                            "file": "/Users/macbookair/Desktop/homee-tests/tests/05-product-detail.spec.ts",
                            "line": 68,
                            "column": 10
                          }
                        }
                      ],
                      "attachments": [
                        {
                          "name": "error-context",
                          "contentType": "text/markdown",
                          "path": "/Users/macbookair/Desktop/homee-tests/test-results/05-product-detail-05---Ürü-7a33a--kaynaklı-konsol-hatası-yok-chromium/error-context.md"
                        }
                      ],
                      "errorLocation": {
                        "file": "/Users/macbookair/Desktop/homee-tests/tests/05-product-detail.spec.ts",
                        "column": 68,
                        "line": 75
                      }
                    }
                  ],
                  "status": "expected"
                }
              ],
              "id": "14ec8158cd9acd7f089b-7f70338cdd44059c203e",
              "file": "05-product-detail.spec.ts",
              "line": 67,
              "column": 7
            }
          ]
        }
      ]
    },
    {
      "title": "06-cart.spec.ts",
      "file": "06-cart.spec.ts",
      "column": 0,
      "line": 0,
      "specs": [],
      "suites": [
        {
          "title": "06 - Sepet",
          "file": "06-cart.spec.ts",
          "line": 12,
          "column": 6,
          "specs": [
            {
              "title": "ürün sepete eklenir ve sepette doğru satır görünür",
              "ok": true,
              "tags": [],
              "tests": [
                {
                  "timeout": 120000,
                  "annotations": [],
                  "expectedStatus": "passed",
                  "projectId": "chromium",
                  "projectName": "chromium",
                  "results": [
                    {
                      "workerIndex": 0,
                      "parallelIndex": 0,
                      "status": "passed",
                      "duration": 14392,
                      "errors": [],
                      "stdout": [],
                      "stderr": [],
                      "retry": 0,
                      "startTime": "2026-08-18T12:16:17.816Z",
                      "annotations": [],
                      "attachments": []
                    }
                  ],
                  "status": "expected"
                }
              ],
              "id": "4339bd5ad7de146a535f-7c7b25043a1c3b1ee34e",
              "file": "06-cart.spec.ts",
              "line": 19,
              "column": 7
            },
            {
              "title": "adet artırma ara toplamı doğru büyütür",
              "ok": true,
              "tags": [],
              "tests": [
                {
                  "timeout": 120000,
                  "annotations": [],
                  "expectedStatus": "passed",
                  "projectId": "chromium",
                  "projectName": "chromium",
                  "results": [
                    {
                      "workerIndex": 0,
                      "parallelIndex": 0,
                      "status": "passed",
                      "duration": 20313,
                      "errors": [],
                      "stdout": [],
                      "stderr": [],
                      "retry": 0,
                      "startTime": "2026-08-18T12:16:32.239Z",
                      "annotations": [],
                      "attachments": []
                    }
                  ],
                  "status": "expected"
                }
              ],
              "id": "4339bd5ad7de146a535f-6eab8238773d21cb0afe",
              "file": "06-cart.spec.ts",
              "line": 41,
              "column": 7
            },
            {
              "title": "adet azaltma ara toplamı geri düşürür",
              "ok": true,
              "tags": [],
              "tests": [
                {
                  "timeout": 150000,
                  "annotations": [],
                  "expectedStatus": "passed",
                  "projectId": "chromium",
                  "projectName": "chromium",
                  "results": [
                    {
                      "workerIndex": 0,
                      "parallelIndex": 0,
                      "status": "passed",
                      "duration": 19287,
                      "errors": [],
                      "stdout": [],
                      "stderr": [],
                      "retry": 0,
                      "startTime": "2026-08-18T12:16:52.622Z",
                      "annotations": [],
                      "attachments": []
                    }
                  ],
                  "status": "expected"
                }
              ],
              "id": "4339bd5ad7de146a535f-96643b5deba72167cc58",
              "file": "06-cart.spec.ts",
              "line": 62,
              "column": 7
            },
            {
              "title": "sipariş özeti: ara toplam + teslimat = toplam",
              "ok": true,
              "tags": [],
              "tests": [
                {
                  "timeout": 120000,
                  "annotations": [],
                  "expectedStatus": "passed",
                  "projectId": "chromium",
                  "projectName": "chromium",
                  "results": [
                    {
                      "workerIndex": 0,
                      "parallelIndex": 0,
                      "status": "passed",
                      "duration": 12626,
                      "errors": [],
                      "stdout": [],
                      "stderr": [],
                      "retry": 0,
                      "startTime": "2026-08-18T12:17:11.958Z",
                      "annotations": [],
                      "attachments": []
                    }
                  ],
                  "status": "expected"
                }
              ],
              "id": "4339bd5ad7de146a535f-778e79759bcefcbfde69",
              "file": "06-cart.spec.ts",
              "line": 78,
              "column": 7
            },
            {
              "title": "ürün sepetten silinir ve sepet boşalır",
              "ok": false,
              "tags": [],
              "tests": [
                {
                  "timeout": 120000,
                  "annotations": [],
                  "expectedStatus": "passed",
                  "projectId": "chromium",
                  "projectName": "chromium",
                  "results": [
                    {
                      "workerIndex": 0,
                      "parallelIndex": 0,
                      "status": "failed",
                      "duration": 10279,
                      "error": {
                        "message": "Error: \u001b[2mexpect(\u001b[22m\u001b[31mreceived\u001b[39m\u001b[2m).\u001b[22mtoBe\u001b[2m(\u001b[22m\u001b[32mexpected\u001b[39m\u001b[2m) // Object.is equality\u001b[22m\n\nExpected: \u001b[32m1\u001b[39m\nReceived: \u001b[31m0\u001b[39m",
                        "stack": "Error: \u001b[2mexpect(\u001b[22m\u001b[31mreceived\u001b[39m\u001b[2m).\u001b[22mtoBe\u001b[2m(\u001b[22m\u001b[32mexpected\u001b[39m\u001b[2m) // Object.is equality\u001b[22m\n\nExpected: \u001b[32m1\u001b[39m\nReceived: \u001b[31m0\u001b[39m\n    at /Users/macbookair/Desktop/homee-tests/tests/06-cart.spec.ts:104:36",
                        "location": {
                          "file": "/Users/macbookair/Desktop/homee-tests/tests/06-cart.spec.ts",
                          "column": 36,
                          "line": 104
                        },
                        "snippet": "  102 |     const cart = new CartPage(page);\n  103 |     await cart.open();\n> 104 |     expect(await cart.lineCount()).toBe(1);\n      |                                    ^\n  105 |\n  106 |     // Yıkıcı işlem: index'e kilitli, global .last() ile arama yok\n  107 |     const { before, after } = await cart.removeLineByIndex(0);"
                      },
                      "errors": [
                        {
                          "location": {
                            "file": "/Users/macbookair/Desktop/homee-tests/tests/06-cart.spec.ts",
                            "column": 36,
                            "line": 104
                          },
                          "message": "Error: \u001b[2mexpect(\u001b[22m\u001b[31mreceived\u001b[39m\u001b[2m).\u001b[22mtoBe\u001b[2m(\u001b[22m\u001b[32mexpected\u001b[39m\u001b[2m) // Object.is equality\u001b[22m\n\nExpected: \u001b[32m1\u001b[39m\nReceived: \u001b[31m0\u001b[39m\n\n  102 |     const cart = new CartPage(page);\n  103 |     await cart.open();\n> 104 |     expect(await cart.lineCount()).toBe(1);\n      |                                    ^\n  105 |\n  106 |     // Yıkıcı işlem: index'e kilitli, global .last() ile arama yok\n  107 |     const { before, after } = await cart.removeLineByIndex(0);\n    at /Users/macbookair/Desktop/homee-tests/tests/06-cart.spec.ts:104:36"
                        }
                      ],
                      "stdout": [],
                      "stderr": [],
                      "retry": 0,
                      "startTime": "2026-08-18T12:17:24.601Z",
                      "annotations": [],
                      "attachments": [
                        {
                          "name": "screenshot",
                          "contentType": "image/png",
                          "path": "/Users/macbookair/Desktop/homee-tests/test-results/06-cart-06---Sepet-ürün-sepetten-silinir-ve-sepet-boşalır-chromium/test-failed-1.png"
                        },
                        {
                          "name": "error-context",
                          "contentType": "text/markdown",
                          "path": "/Users/macbookair/Desktop/homee-tests/test-results/06-cart-06---Sepet-ürün-sepetten-silinir-ve-sepet-boşalır-chromium/error-context.md"
                        }
                      ],
                      "errorLocation": {
                        "file": "/Users/macbookair/Desktop/homee-tests/tests/06-cart.spec.ts",
                        "column": 36,
                        "line": 104
                      }
                    }
                  ],
                  "status": "unexpected"
                }
              ],
              "id": "4339bd5ad7de146a535f-931648b1f8d6bda0566c",
              "file": "06-cart.spec.ts",
              "line": 96,
              "column": 7
            },
            {
              "title": "boş sepette ödeme butonu yok, alışverişe devam bağlantısı var",
              "ok": true,
              "tags": [],
              "tests": [
                {
                  "timeout": 45000,
                  "annotations": [],
                  "expectedStatus": "passed",
                  "projectId": "chromium",
                  "projectName": "chromium",
                  "results": [
                    {
                      "workerIndex": 1,
                      "parallelIndex": 0,
                      "status": "passed",
                      "duration": 5464,
                      "errors": [],
                      "stdout": [],
                      "stderr": [],
                      "retry": 0,
                      "startTime": "2026-08-18T12:17:35.655Z",
                      "annotations": [],
                      "attachments": []
                    }
                  ],
                  "status": "expected"
                }
              ],
              "id": "4339bd5ad7de146a535f-5ad1ed5f6ee2caac5c95",
              "file": "06-cart.spec.ts",
              "line": 112,
              "column": 7
            },
            {
              "title": "iki farklı ürün sepette iki satır oluşturur",
              "ok": true,
              "tags": [],
              "tests": [
                {
                  "timeout": 180000,
                  "annotations": [],
                  "expectedStatus": "passed",
                  "projectId": "chromium",
                  "projectName": "chromium",
                  "results": [
                    {
                      "workerIndex": 1,
                      "parallelIndex": 0,
                      "status": "passed",
                      "duration": 17683,
                      "errors": [],
                      "stdout": [],
                      "stderr": [],
                      "retry": 0,
                      "startTime": "2026-08-18T12:17:42.271Z",
                      "annotations": [],
                      "attachments": []
                    }
                  ],
                  "status": "expected"
                }
              ],
              "id": "4339bd5ad7de146a535f-50dcf65f3b78a8d12ede",
              "file": "06-cart.spec.ts",
              "line": 122,
              "column": 7
            }
          ]
        }
      ]
    },
    {
      "title": "07-stores.spec.ts",
      "file": "07-stores.spec.ts",
      "column": 0,
      "line": 0,
      "specs": [],
      "suites": [
        {
          "title": "07 - Mağazalar",
          "file": "07-stores.spec.ts",
          "line": 4,
          "column": 6,
          "specs": [
            {
              "title": "mağaza listesi yüklenir",
              "ok": true,
              "tags": [],
              "tests": [
                {
                  "timeout": 45000,
                  "annotations": [],
                  "expectedStatus": "passed",
                  "projectId": "chromium",
                  "projectName": "chromium",
                  "results": [
                    {
                      "workerIndex": 1,
                      "parallelIndex": 0,
                      "status": "passed",
                      "duration": 3727,
                      "errors": [],
                      "stdout": [
                        {
                          "text": "  4 mağaza: Lefkoşa, Ana Lokasyon, tuğçe 1 aş, Ankara Depo\n"
                        }
                      ],
                      "stderr": [],
                      "retry": 0,
                      "startTime": "2026-08-18T12:17:59.990Z",
                      "annotations": [],
                      "attachments": []
                    }
                  ],
                  "status": "expected"
                }
              ],
              "id": "6082ea52a8324ce953ea-00e1c3614dd488265c28",
              "file": "07-stores.spec.ts",
              "line": 5,
              "column": 7
            },
            {
              "title": "mağaza arama listeyi filtreler",
              "ok": true,
              "tags": [],
              "tests": [
                {
                  "timeout": 90000,
                  "annotations": [],
                  "expectedStatus": "passed",
                  "projectId": "chromium",
                  "projectName": "chromium",
                  "results": [
                    {
                      "workerIndex": 1,
                      "parallelIndex": 0,
                      "status": "passed",
                      "duration": 6760,
                      "errors": [],
                      "stdout": [],
                      "stderr": [],
                      "retry": 0,
                      "startTime": "2026-08-18T12:18:03.739Z",
                      "annotations": [],
                      "attachments": []
                    }
                  ],
                  "status": "expected"
                }
              ],
              "id": "6082ea52a8324ce953ea-6db2de1e7433b625760c",
              "file": "07-stores.spec.ts",
              "line": 16,
              "column": 7
            }
          ]
        }
      ]
    },
    {
      "title": "08-static-pages.spec.ts",
      "file": "08-static-pages.spec.ts",
      "column": 0,
      "line": 0,
      "specs": [],
      "suites": [
        {
          "title": "08 - Statik / kurumsal sayfalar",
          "file": "08-static-pages.spec.ts",
          "line": 5,
          "column": 6,
          "specs": [
            {
              "title": "/magazalar açılır ve doğru başlığı gösterir",
              "ok": true,
              "tags": [],
              "tests": [
                {
                  "timeout": 45000,
                  "annotations": [],
                  "expectedStatus": "passed",
                  "projectId": "chromium",
                  "projectName": "chromium",
                  "results": [
                    {
                      "workerIndex": 1,
                      "parallelIndex": 0,
                      "status": "passed",
                      "duration": 4197,
                      "errors": [],
                      "stdout": [],
                      "stderr": [],
                      "retry": 0,
                      "startTime": "2026-08-18T12:18:10.544Z",
                      "annotations": [],
                      "attachments": []
                    }
                  ],
                  "status": "expected"
                }
              ],
              "id": "32e191e32f16f1815ca3-4f183499f644d764421a",
              "file": "08-static-pages.spec.ts",
              "line": 7,
              "column": 9
            },
            {
              "title": "/iletisim açılır ve doğru başlığı gösterir",
              "ok": true,
              "tags": [],
              "tests": [
                {
                  "timeout": 45000,
                  "annotations": [],
                  "expectedStatus": "passed",
                  "projectId": "chromium",
                  "projectName": "chromium",
                  "results": [
                    {
                      "workerIndex": 1,
                      "parallelIndex": 0,
                      "status": "passed",
                      "duration": 4144,
                      "errors": [],
                      "stdout": [],
                      "stderr": [],
                      "retry": 0,
                      "startTime": "2026-08-18T12:18:14.770Z",
                      "annotations": [],
                      "attachments": []
                    }
                  ],
                  "status": "expected"
                }
              ],
              "id": "32e191e32f16f1815ca3-5e55f8307ae74693d88f",
              "file": "08-static-pages.spec.ts",
              "line": 7,
              "column": 9
            },
            {
              "title": "/blogs açılır ve doğru başlığı gösterir",
              "ok": true,
              "tags": [],
              "tests": [
                {
                  "timeout": 45000,
                  "annotations": [],
                  "expectedStatus": "passed",
                  "projectId": "chromium",
                  "projectName": "chromium",
                  "results": [
                    {
                      "workerIndex": 1,
                      "parallelIndex": 0,
                      "status": "passed",
                      "duration": 2892,
                      "errors": [],
                      "stdout": [],
                      "stderr": [],
                      "retry": 0,
                      "startTime": "2026-08-18T12:18:18.938Z",
                      "annotations": [],
                      "attachments": []
                    }
                  ],
                  "status": "expected"
                }
              ],
              "id": "32e191e32f16f1815ca3-4b1dbf2e2ff20009c81c",
              "file": "08-static-pages.spec.ts",
              "line": 7,
              "column": 9
            },
            {
              "title": "/sikca-sorulan-sorular açılır ve doğru başlığı gösterir",
              "ok": true,
              "tags": [],
              "tests": [
                {
                  "timeout": 45000,
                  "annotations": [],
                  "expectedStatus": "passed",
                  "projectId": "chromium",
                  "projectName": "chromium",
                  "results": [
                    {
                      "workerIndex": 1,
                      "parallelIndex": 0,
                      "status": "passed",
                      "duration": 3420,
                      "errors": [],
                      "stdout": [],
                      "stderr": [],
                      "retry": 0,
                      "startTime": "2026-08-18T12:18:21.849Z",
                      "annotations": [],
                      "attachments": []
                    }
                  ],
                  "status": "expected"
                }
              ],
              "id": "32e191e32f16f1815ca3-0e012ba33b3f955d680b",
              "file": "08-static-pages.spec.ts",
              "line": 7,
              "column": 9
            },
            {
              "title": "/hakkimizda açılır ve doğru başlığı gösterir",
              "ok": true,
              "tags": [],
              "tests": [
                {
                  "timeout": 45000,
                  "annotations": [],
                  "expectedStatus": "passed",
                  "projectId": "chromium",
                  "projectName": "chromium",
                  "results": [
                    {
                      "workerIndex": 1,
                      "parallelIndex": 0,
                      "status": "passed",
                      "duration": 3429,
                      "errors": [],
                      "stdout": [],
                      "stderr": [],
                      "retry": 0,
                      "startTime": "2026-08-18T12:18:25.287Z",
                      "annotations": [],
                      "attachments": []
                    }
                  ],
                  "status": "expected"
                }
              ],
              "id": "32e191e32f16f1815ca3-60ea4dfa36f55f220ff1",
              "file": "08-static-pages.spec.ts",
              "line": 7,
              "column": 9
            },
            {
              "title": "/bilkent-holding açılır ve doğru başlığı gösterir",
              "ok": true,
              "tags": [],
              "tests": [
                {
                  "timeout": 45000,
                  "annotations": [],
                  "expectedStatus": "passed",
                  "projectId": "chromium",
                  "projectName": "chromium",
                  "results": [
                    {
                      "workerIndex": 1,
                      "parallelIndex": 0,
                      "status": "passed",
                      "duration": 2611,
                      "errors": [],
                      "stdout": [],
                      "stderr": [],
                      "retry": 0,
                      "startTime": "2026-08-18T12:18:28.737Z",
                      "annotations": [],
                      "attachments": []
                    }
                  ],
                  "status": "expected"
                }
              ],
              "id": "32e191e32f16f1815ca3-59869bf81e1eea8e787f",
              "file": "08-static-pages.spec.ts",
              "line": 7,
              "column": 9
            },
            {
              "title": "/etik-politikamiz açılır ve doğru başlığı gösterir",
              "ok": true,
              "tags": [],
              "tests": [
                {
                  "timeout": 45000,
                  "annotations": [],
                  "expectedStatus": "passed",
                  "projectId": "chromium",
                  "projectName": "chromium",
                  "results": [
                    {
                      "workerIndex": 1,
                      "parallelIndex": 0,
                      "status": "passed",
                      "duration": 2554,
                      "errors": [],
                      "stdout": [],
                      "stderr": [],
                      "retry": 0,
                      "startTime": "2026-08-18T12:18:31.371Z",
                      "annotations": [],
                      "attachments": []
                    }
                  ],
                  "status": "expected"
                }
              ],
              "id": "32e191e32f16f1815ca3-5827422b44279f002f2f",
              "file": "08-static-pages.spec.ts",
              "line": 7,
              "column": 9
            },
            {
              "title": "/insan-kaynaklari açılır ve doğru başlığı gösterir",
              "ok": true,
              "tags": [],
              "tests": [
                {
                  "timeout": 45000,
                  "annotations": [],
                  "expectedStatus": "passed",
                  "projectId": "chromium",
                  "projectName": "chromium",
                  "results": [
                    {
                      "workerIndex": 1,
                      "parallelIndex": 0,
                      "status": "passed",
                      "duration": 2432,
                      "errors": [],
                      "stdout": [],
                      "stderr": [],
                      "retry": 0,
                      "startTime": "2026-08-18T12:18:33.940Z",
                      "annotations": [],
                      "attachments": []
                    }
                  ],
                  "status": "expected"
                }
              ],
              "id": "32e191e32f16f1815ca3-a3c3be675a257eba55a6",
              "file": "08-static-pages.spec.ts",
              "line": 7,
              "column": 9
            },
            {
              "title": "/kvkk-aydinlatma-metni açılır ve doğru başlığı gösterir",
              "ok": true,
              "tags": [],
              "tests": [
                {
                  "timeout": 45000,
                  "annotations": [],
                  "expectedStatus": "passed",
                  "projectId": "chromium",
                  "projectName": "chromium",
                  "results": [
                    {
                      "workerIndex": 1,
                      "parallelIndex": 0,
                      "status": "passed",
                      "duration": 2603,
                      "errors": [],
                      "stdout": [],
                      "stderr": [],
                      "retry": 0,
                      "startTime": "2026-08-18T12:18:36.390Z",
                      "annotations": [],
                      "attachments": []
                    }
                  ],
                  "status": "expected"
                }
              ],
              "id": "32e191e32f16f1815ca3-ba21957c2b5b8ad8ff62",
              "file": "08-static-pages.spec.ts",
              "line": 7,
              "column": 9
            },
            {
              "title": "/privacy açılır ve doğru başlığı gösterir",
              "ok": true,
              "tags": [],
              "tests": [
                {
                  "timeout": 45000,
                  "annotations": [],
                  "expectedStatus": "passed",
                  "projectId": "chromium",
                  "projectName": "chromium",
                  "results": [
                    {
                      "workerIndex": 1,
                      "parallelIndex": 0,
                      "status": "passed",
                      "duration": 2485,
                      "errors": [],
                      "stdout": [],
                      "stderr": [],
                      "retry": 0,
                      "startTime": "2026-08-18T12:18:39.012Z",
                      "annotations": [],
                      "attachments": []
                    }
                  ],
                  "status": "expected"
                }
              ],
              "id": "32e191e32f16f1815ca3-2e6c8f16d7e93fb7cead",
              "file": "08-static-pages.spec.ts",
              "line": 7,
              "column": 9
            },
            {
              "title": "statik sayfalarda kırık görsel yok",
              "ok": true,
              "tags": [],
              "tests": [
                {
                  "timeout": 180000,
                  "annotations": [],
                  "expectedStatus": "passed",
                  "projectId": "chromium",
                  "projectName": "chromium",
                  "results": [
                    {
                      "workerIndex": 1,
                      "parallelIndex": 0,
                      "status": "passed",
                      "duration": 7185,
                      "errors": [],
                      "stdout": [],
                      "stderr": [],
                      "retry": 0,
                      "startTime": "2026-08-18T12:18:41.520Z",
                      "annotations": [],
                      "attachments": []
                    }
                  ],
                  "status": "expected"
                }
              ],
              "id": "32e191e32f16f1815ca3-0a5a439f1bcd82f80526",
              "file": "08-static-pages.spec.ts",
              "line": 24,
              "column": 7
            }
          ]
        }
      ]
    },
    {
      "title": "09-forms.spec.ts",
      "file": "09-forms.spec.ts",
      "column": 0,
      "line": 0,
      "specs": [],
      "suites": [
        {
          "title": "09 - Formlar (validasyon)",
          "file": "09-forms.spec.ts",
          "line": 10,
          "column": 6,
          "specs": [
            {
              "title": "bülten aboneliği geçersiz e-postayı reddeder",
              "ok": true,
              "tags": [],
              "tests": [
                {
                  "timeout": 45000,
                  "annotations": [],
                  "expectedStatus": "passed",
                  "projectId": "chromium",
                  "projectName": "chromium",
                  "results": [
                    {
                      "workerIndex": 1,
                      "parallelIndex": 0,
                      "status": "passed",
                      "duration": 5815,
                      "errors": [],
                      "stdout": [],
                      "stderr": [],
                      "retry": 0,
                      "startTime": "2026-08-18T12:18:48.725Z",
                      "annotations": [],
                      "attachments": []
                    }
                  ],
                  "status": "expected"
                }
              ],
              "id": "f5575cb3331f502dded0-fa62fbb45dbdf580ab71",
              "file": "09-forms.spec.ts",
              "line": 11,
              "column": 7
            },
            {
              "title": "iletişim sayfası formu render olur",
              "ok": true,
              "tags": [],
              "tests": [
                {
                  "timeout": 45000,
                  "annotations": [],
                  "expectedStatus": "passed",
                  "projectId": "chromium",
                  "projectName": "chromium",
                  "results": [
                    {
                      "workerIndex": 1,
                      "parallelIndex": 0,
                      "status": "passed",
                      "duration": 5383,
                      "errors": [],
                      "stdout": [],
                      "stderr": [],
                      "retry": 0,
                      "startTime": "2026-08-18T12:18:54.554Z",
                      "annotations": [],
                      "attachments": []
                    }
                  ],
                  "status": "expected"
                }
              ],
              "id": "f5575cb3331f502dded0-7100035fd0465eea6e05",
              "file": "09-forms.spec.ts",
              "line": 26,
              "column": 7
            },
            {
              "title": "iletişim formu boş gönderimde validasyon gösterir",
              "ok": true,
              "tags": [],
              "tests": [
                {
                  "timeout": 45000,
                  "annotations": [
                    {
                      "type": "fail",
                      "description": "HOMEE-003: Boş form GÖNDER'e basıldığında ne validasyon ne hata ne başarı mesajı çıkıyor; form sessizce hiçbir şey yapmıyor",
                      "location": {
                        "file": "/Users/macbookair/Desktop/homee-tests/tests/09-forms.spec.ts",
                        "line": 38,
                        "column": 10
                      }
                    }
                  ],
                  "expectedStatus": "failed",
                  "projectId": "chromium",
                  "projectName": "chromium",
                  "results": [
                    {
                      "workerIndex": 1,
                      "parallelIndex": 0,
                      "status": "failed",
                      "duration": 7849,
                      "error": {
                        "message": "Error: boş gönderimde validasyon çıkmadı\n\n\u001b[2mexpect(\u001b[22m\u001b[31mreceived\u001b[39m\u001b[2m).\u001b[22mtoMatch\u001b[2m(\u001b[22m\u001b[32mexpected\u001b[39m\u001b[2m)\u001b[22m\n\nExpected pattern: \u001b[32m/zorunlu|gerekli|giriniz|boş bırak|doldur/i\u001b[39m\nReceived string:  \u001b[31m\"Ücretsiz teslimat   •   Mağaza randevusu   •   30 gün kolay iade·\u001b[39m\n\u001b[31mDetaylar\u001b[39m\n\u001b[31mKATEGORİLER\u001b[39m\n\u001b[31mMOBİLYA\u001b[39m\n\u001b[31mEVDEKOR\u001b[39m\n\u001b[31mANA SAYFA\u001b[39m\n\u001b[31m/\u001b[39m\n\u001b[31mİLETİŞİM\u001b[39m\n\u001b[31mSizden Haber Almak İsteriz·\u001b[39m\n\u001b[31mSorularınız, önerileriniz veya iş birliği talepleriniz için bize aşağıdaki iletişim kanallarımızdan ulaşabilirsiniz.·\u001b[39m\n\u001b[31mBize Yazın\u001b[39m\n\u001b[31mKonu *\u001b[39m\n\u001b[31mGenel Soru\u001b[39m\n\u001b[31mAdınız\u001b[39m\n\u001b[31mSoyadınız\u001b[39m\n\u001b[31mE-posta adresiniz\u001b[39m\n\u001b[31mMesajınız\u001b[39m\n\u001b[31mGizlilik Politikasını Okudum ve Kabul Ediyorum.·\u001b[39m\n\u001b[31mGizlilik politikasını kabul etmelisiniz.·\u001b[39m\n\u001b[31mGÖNDER·\u001b[39m\n\u001b[31mFİRMA ÜNVANI·\u001b[39m\n\u001b[31mTEPE HOME MOBİLYA VE DEKORASYON ÜRÜNLERİ SAN. TİC. A.Ş.·\u001b[39m\n\u001b[31mBeytepe Köyü Yolu No:5 06800 Bilkent-Çankaya/ANKARA·\u001b[39m\n\u001b[31mMÜŞTERİ HİZMETLERİ·\u001b[39m\n\u001b[31m0850 255 47 47·\u001b[39m\n\u001b[31mE-POSTA·\u001b[39m\n\u001b[31miletisim@tepehome.com.tr·\u001b[39m\n\u001b[31mYARDIMCI BAĞLANTILAR·\u001b[39m\n\u001b[31mMağazalarımız\u001b[39m\n\u001b[31m·\u001b[39m\n\u001b[31mSSS\u001b[39m\n\u001b[31m·\u001b[39m\n\u001b[31mSipariş Takip·\u001b[39m\n\u001b[31mPEŞİN FİYATINA TAKSİT\u001b[39m\n\u001b[31mHIZLI TESLİMAT\u001b[39m\n\u001b[31mÜCRETSİZ KURULUM\u001b[39m\n\u001b[31mGÜVENLİ ALIŞVERİŞ\u001b[39m\n\u001b[31mKOLAY İADE·\u001b[39m\n\u001b[31mTEPE HOME JOURNAL·\u001b[39m\n\u001b[31m#TepeHomeTarzi·\u001b[39m\n\u001b[31mEvinizden kareleri bizimle paylaşın; sakin, zamansız ve yaşanabilir alanlara ilham verin.·\u001b[39m\n\u001b[31mKURUMSAL\u001b[39m\n\u001b[31mHakkımızda\u001b[39m\n\u001b[31mBilkent Holding\u001b[39m\n\u001b[31mÇerez Politikası\u001b[39m\n\u001b[31mEtik Politikamız\u001b[39m\n\u001b[31mİnsan Kaynakları\u001b[39m\n\u001b[31mSözleşmeler\u001b[39m\n\u001b[31mKVKK Aydınlatma Metni\u001b[39m\n\u001b[31mİLETİŞİM\u001b[39m\n\u001b[31mBize Ulaşın\u001b[39m\n\u001b[31mKampanyalar\u001b[39m\n\u001b[31mSipariş & Teslimat\u001b[39m\n\u001b[31mİade\u001b[39m\n\u001b[31mSSS\u001b[39m\n\u001b[31mBLOG\u001b[39m\n\u001b[31mKüçük Mekanlar\u001b[39m\n\u001b[31mBahçe Mobilyaları\u001b[39m\n\u001b[31mYARDIM MERKEZİ\u001b[39m\n\u001b[31m0850 255 47 47·\u001b[39m\n\u001b[31mTepe Home Mobil Uygulama·\u001b[39m\n\u001b[31mKampanyalardan ilk siz haberdar olun, siparişlerinizi kolayca takip edin.·\u001b[39m\n\u001b[31mGoogle Play\u001b[39m\n\u001b[31m'den indir\u001b[39m\n\u001b[31mApp Store\u001b[39m\n\u001b[31m'dan indir\u001b[39m\n\u001b[31mE-posta adresiniz\u001b[39m\n\u001b[31mABONE OL·\u001b[39m\n\u001b[31mTepe Home bir Bilkent Holding Şirketidir·\u001b[39m\n\u001b[31mMesafeli Satış Sözleşmesi\u001b[39m\n\u001b[31mİade Politikası\u001b[39m\n\u001b[31mGizlilik Politikası\u001b[39m\n\u001b[31mKVKK\u001b[39m\n\u001b[31mİletişim·\u001b[39m\n\u001b[31m© 2026 Tepe Home. Tüm hakları saklıdır·\u001b[39m\n\u001b[31mPowered by\"\u001b[39m",
                        "stack": "Error: boş gönderimde validasyon çıkmadı\n\n\u001b[2mexpect(\u001b[22m\u001b[31mreceived\u001b[39m\u001b[2m).\u001b[22mtoMatch\u001b[2m(\u001b[22m\u001b[32mexpected\u001b[39m\u001b[2m)\u001b[22m\n\nExpected pattern: \u001b[32m/zorunlu|gerekli|giriniz|boş bırak|doldur/i\u001b[39m\nReceived string:  \u001b[31m\"Ücretsiz teslimat   •   Mağaza randevusu   •   30 gün kolay iade·\u001b[39m\n\u001b[31mDetaylar\u001b[39m\n\u001b[31mKATEGORİLER\u001b[39m\n\u001b[31mMOBİLYA\u001b[39m\n\u001b[31mEVDEKOR\u001b[39m\n\u001b[31mANA SAYFA\u001b[39m\n\u001b[31m/\u001b[39m\n\u001b[31mİLETİŞİM\u001b[39m\n\u001b[31mSizden Haber Almak İsteriz·\u001b[39m\n\u001b[31mSorularınız, önerileriniz veya iş birliği talepleriniz için bize aşağıdaki iletişim kanallarımızdan ulaşabilirsiniz.·\u001b[39m\n\u001b[31mBize Yazın\u001b[39m\n\u001b[31mKonu *\u001b[39m\n\u001b[31mGenel Soru\u001b[39m\n\u001b[31mAdınız\u001b[39m\n\u001b[31mSoyadınız\u001b[39m\n\u001b[31mE-posta adresiniz\u001b[39m\n\u001b[31mMesajınız\u001b[39m\n\u001b[31mGizlilik Politikasını Okudum ve Kabul Ediyorum.·\u001b[39m\n\u001b[31mGizlilik politikasını kabul etmelisiniz.·\u001b[39m\n\u001b[31mGÖNDER·\u001b[39m\n\u001b[31mFİRMA ÜNVANI·\u001b[39m\n\u001b[31mTEPE HOME MOBİLYA VE DEKORASYON ÜRÜNLERİ SAN. TİC. A.Ş.·\u001b[39m\n\u001b[31mBeytepe Köyü Yolu No:5 06800 Bilkent-Çankaya/ANKARA·\u001b[39m\n\u001b[31mMÜŞTERİ HİZMETLERİ·\u001b[39m\n\u001b[31m0850 255 47 47·\u001b[39m\n\u001b[31mE-POSTA·\u001b[39m\n\u001b[31miletisim@tepehome.com.tr·\u001b[39m\n\u001b[31mYARDIMCI BAĞLANTILAR·\u001b[39m\n\u001b[31mMağazalarımız\u001b[39m\n\u001b[31m·\u001b[39m\n\u001b[31mSSS\u001b[39m\n\u001b[31m·\u001b[39m\n\u001b[31mSipariş Takip·\u001b[39m\n\u001b[31mPEŞİN FİYATINA TAKSİT\u001b[39m\n\u001b[31mHIZLI TESLİMAT\u001b[39m\n\u001b[31mÜCRETSİZ KURULUM\u001b[39m\n\u001b[31mGÜVENLİ ALIŞVERİŞ\u001b[39m\n\u001b[31mKOLAY İADE·\u001b[39m\n\u001b[31mTEPE HOME JOURNAL·\u001b[39m\n\u001b[31m#TepeHomeTarzi·\u001b[39m\n\u001b[31mEvinizden kareleri bizimle paylaşın; sakin, zamansız ve yaşanabilir alanlara ilham verin.·\u001b[39m\n\u001b[31mKURUMSAL\u001b[39m\n\u001b[31mHakkımızda\u001b[39m\n\u001b[31mBilkent Holding\u001b[39m\n\u001b[31mÇerez Politikası\u001b[39m\n\u001b[31mEtik Politikamız\u001b[39m\n\u001b[31mİnsan Kaynakları\u001b[39m\n\u001b[31mSözleşmeler\u001b[39m\n\u001b[31mKVKK Aydınlatma Metni\u001b[39m\n\u001b[31mİLETİŞİM\u001b[39m\n\u001b[31mBize Ulaşın\u001b[39m\n\u001b[31mKampanyalar\u001b[39m\n\u001b[31mSipariş & Teslimat\u001b[39m\n\u001b[31mİade\u001b[39m\n\u001b[31mSSS\u001b[39m\n\u001b[31mBLOG\u001b[39m\n\u001b[31mKüçük Mekanlar\u001b[39m\n\u001b[31mBahçe Mobilyaları\u001b[39m\n\u001b[31mYARDIM MERKEZİ\u001b[39m\n\u001b[31m0850 255 47 47·\u001b[39m\n\u001b[31mTepe Home Mobil Uygulama·\u001b[39m\n\u001b[31mKampanyalardan ilk siz haberdar olun, siparişlerinizi kolayca takip edin.·\u001b[39m\n\u001b[31mGoogle Play\u001b[39m\n\u001b[31m'den indir\u001b[39m\n\u001b[31mApp Store\u001b[39m\n\u001b[31m'dan indir\u001b[39m\n\u001b[31mE-posta adresiniz\u001b[39m\n\u001b[31mABONE OL·\u001b[39m\n\u001b[31mTepe Home bir Bilkent Holding Şirketidir·\u001b[39m\n\u001b[31mMesafeli Satış Sözleşmesi\u001b[39m\n\u001b[31mİade Politikası\u001b[39m\n\u001b[31mGizlilik Politikası\u001b[39m\n\u001b[31mKVKK\u001b[39m\n\u001b[31mİletişim·\u001b[39m\n\u001b[31m© 2026 Tepe Home. Tüm hakları saklıdır·\u001b[39m\n\u001b[31mPowered by\"\u001b[39m\n    at /Users/macbookair/Desktop/homee-tests/tests/09-forms.spec.ts:53:55",
                        "location": {
                          "file": "/Users/macbookair/Desktop/homee-tests/tests/09-forms.spec.ts",
                          "column": 55,
                          "line": 53
                        },
                        "snippet": "  51 |\n  52 |     const body = await page.locator(\"body\").innerText();\n> 53 |     expect(body, \"boş gönderimde validasyon çıkmadı\").toMatch(\n     |                                                       ^\n  54 |       /zorunlu|gerekli|giriniz|boş bırak|doldur/i,\n  55 |     );\n  56 |   });"
                      },
                      "errors": [
                        {
                          "location": {
                            "file": "/Users/macbookair/Desktop/homee-tests/tests/09-forms.spec.ts",
                            "column": 55,
                            "line": 53
                          },
                          "message": "Error: boş gönderimde validasyon çıkmadı\n\n\u001b[2mexpect(\u001b[22m\u001b[31mreceived\u001b[39m\u001b[2m).\u001b[22mtoMatch\u001b[2m(\u001b[22m\u001b[32mexpected\u001b[39m\u001b[2m)\u001b[22m\n\nExpected pattern: \u001b[32m/zorunlu|gerekli|giriniz|boş bırak|doldur/i\u001b[39m\nReceived string:  \u001b[31m\"Ücretsiz teslimat   •   Mağaza randevusu   •   30 gün kolay iade·\u001b[39m\n\u001b[31mDetaylar\u001b[39m\n\u001b[31mKATEGORİLER\u001b[39m\n\u001b[31mMOBİLYA\u001b[39m\n\u001b[31mEVDEKOR\u001b[39m\n\u001b[31mANA SAYFA\u001b[39m\n\u001b[31m/\u001b[39m\n\u001b[31mİLETİŞİM\u001b[39m\n\u001b[31mSizden Haber Almak İsteriz·\u001b[39m\n\u001b[31mSorularınız, önerileriniz veya iş birliği talepleriniz için bize aşağıdaki iletişim kanallarımızdan ulaşabilirsiniz.·\u001b[39m\n\u001b[31mBize Yazın\u001b[39m\n\u001b[31mKonu *\u001b[39m\n\u001b[31mGenel Soru\u001b[39m\n\u001b[31mAdınız\u001b[39m\n\u001b[31mSoyadınız\u001b[39m\n\u001b[31mE-posta adresiniz\u001b[39m\n\u001b[31mMesajınız\u001b[39m\n\u001b[31mGizlilik Politikasını Okudum ve Kabul Ediyorum.·\u001b[39m\n\u001b[31mGizlilik politikasını kabul etmelisiniz.·\u001b[39m\n\u001b[31mGÖNDER·\u001b[39m\n\u001b[31mFİRMA ÜNVANI·\u001b[39m\n\u001b[31mTEPE HOME MOBİLYA VE DEKORASYON ÜRÜNLERİ SAN. TİC. A.Ş.·\u001b[39m\n\u001b[31mBeytepe Köyü Yolu No:5 06800 Bilkent-Çankaya/ANKARA·\u001b[39m\n\u001b[31mMÜŞTERİ HİZMETLERİ·\u001b[39m\n\u001b[31m0850 255 47 47·\u001b[39m\n\u001b[31mE-POSTA·\u001b[39m\n\u001b[31miletisim@tepehome.com.tr·\u001b[39m\n\u001b[31mYARDIMCI BAĞLANTILAR·\u001b[39m\n\u001b[31mMağazalarımız\u001b[39m\n\u001b[31m·\u001b[39m\n\u001b[31mSSS\u001b[39m\n\u001b[31m·\u001b[39m\n\u001b[31mSipariş Takip·\u001b[39m\n\u001b[31mPEŞİN FİYATINA TAKSİT\u001b[39m\n\u001b[31mHIZLI TESLİMAT\u001b[39m\n\u001b[31mÜCRETSİZ KURULUM\u001b[39m\n\u001b[31mGÜVENLİ ALIŞVERİŞ\u001b[39m\n\u001b[31mKOLAY İADE·\u001b[39m\n\u001b[31mTEPE HOME JOURNAL·\u001b[39m\n\u001b[31m#TepeHomeTarzi·\u001b[39m\n\u001b[31mEvinizden kareleri bizimle paylaşın; sakin, zamansız ve yaşanabilir alanlara ilham verin.·\u001b[39m\n\u001b[31mKURUMSAL\u001b[39m\n\u001b[31mHakkımızda\u001b[39m\n\u001b[31mBilkent Holding\u001b[39m\n\u001b[31mÇerez Politikası\u001b[39m\n\u001b[31mEtik Politikamız\u001b[39m\n\u001b[31mİnsan Kaynakları\u001b[39m\n\u001b[31mSözleşmeler\u001b[39m\n\u001b[31mKVKK Aydınlatma Metni\u001b[39m\n\u001b[31mİLETİŞİM\u001b[39m\n\u001b[31mBize Ulaşın\u001b[39m\n\u001b[31mKampanyalar\u001b[39m\n\u001b[31mSipariş & Teslimat\u001b[39m\n\u001b[31mİade\u001b[39m\n\u001b[31mSSS\u001b[39m\n\u001b[31mBLOG\u001b[39m\n\u001b[31mKüçük Mekanlar\u001b[39m\n\u001b[31mBahçe Mobilyaları\u001b[39m\n\u001b[31mYARDIM MERKEZİ\u001b[39m\n\u001b[31m0850 255 47 47·\u001b[39m\n\u001b[31mTepe Home Mobil Uygulama·\u001b[39m\n\u001b[31mKampanyalardan ilk siz haberdar olun, siparişlerinizi kolayca takip edin.·\u001b[39m\n\u001b[31mGoogle Play\u001b[39m\n\u001b[31m'den indir\u001b[39m\n\u001b[31mApp Store\u001b[39m\n\u001b[31m'dan indir\u001b[39m\n\u001b[31mE-posta adresiniz\u001b[39m\n\u001b[31mABONE OL·\u001b[39m\n\u001b[31mTepe Home bir Bilkent Holding Şirketidir·\u001b[39m\n\u001b[31mMesafeli Satış Sözleşmesi\u001b[39m\n\u001b[31mİade Politikası\u001b[39m\n\u001b[31mGizlilik Politikası\u001b[39m\n\u001b[31mKVKK\u001b[39m\n\u001b[31mİletişim·\u001b[39m\n\u001b[31m© 2026 Tepe Home. Tüm hakları saklıdır·\u001b[39m\n\u001b[31mPowered by\"\u001b[39m\n\n  51 |\n  52 |     const body = await page.locator(\"body\").innerText();\n> 53 |     expect(body, \"boş gönderimde validasyon çıkmadı\").toMatch(\n     |                                                       ^\n  54 |       /zorunlu|gerekli|giriniz|boş bırak|doldur/i,\n  55 |     );\n  56 |   });\n    at /Users/macbookair/Desktop/homee-tests/tests/09-forms.spec.ts:53:55"
                        }
                      ],
                      "stdout": [],
                      "stderr": [],
                      "retry": 0,
                      "startTime": "2026-08-18T12:18:59.955Z",
                      "annotations": [
                        {
                          "type": "fail",
                          "description": "HOMEE-003: Boş form GÖNDER'e basıldığında ne validasyon ne hata ne başarı mesajı çıkıyor; form sessizce hiçbir şey yapmıyor",
                          "location": {
                            "file": "/Users/macbookair/Desktop/homee-tests/tests/09-forms.spec.ts",
                            "line": 38,
                            "column": 10
                          }
                        }
                      ],
                      "attachments": [
                        {
                          "name": "error-context",
                          "contentType": "text/markdown",
                          "path": "/Users/macbookair/Desktop/homee-tests/test-results/09-forms-09---Formlar-vali-03df7-derimde-validasyon-gösterir-chromium/error-context.md"
                        }
                      ],
                      "errorLocation": {
                        "file": "/Users/macbookair/Desktop/homee-tests/tests/09-forms.spec.ts",
                        "column": 55,
                        "line": 53
                      }
                    }
                  ],
                  "status": "expected"
                }
              ],
              "id": "f5575cb3331f502dded0-06e9d2f7e75a4f901d82",
              "file": "09-forms.spec.ts",
              "line": 37,
              "column": 7
            }
          ]
        }
      ]
    },
    {
      "title": "20-login.spec.ts",
      "file": "20-login.spec.ts",
      "column": 0,
      "line": 0,
      "specs": [],
      "suites": [
        {
          "title": "20 - Giriş (pozitif / negatif)",
          "file": "20-login.spec.ts",
          "line": 9,
          "column": 6,
          "specs": [
            {
              "title": "giriş sayfası tüm yöntemleri sunar",
              "ok": true,
              "tags": [],
              "tests": [
                {
                  "timeout": 45000,
                  "annotations": [],
                  "expectedStatus": "passed",
                  "projectId": "chromium",
                  "projectName": "chromium",
                  "results": [
                    {
                      "workerIndex": 1,
                      "parallelIndex": 0,
                      "status": "passed",
                      "duration": 34046,
                      "errors": [],
                      "stdout": [],
                      "stderr": [],
                      "retry": 0,
                      "startTime": "2026-08-18T12:19:07.861Z",
                      "annotations": [],
                      "attachments": []
                    }
                  ],
                  "status": "expected"
                }
              ],
              "id": "64a8bc863b46cf316967-410942bb4e6c8d2d04ee",
              "file": "20-login.spec.ts",
              "line": 10,
              "column": 7
            },
            {
              "title": "e-posta formatı geçersizse uyarı verir",
              "ok": true,
              "tags": [],
              "tests": [
                {
                  "timeout": 45000,
                  "annotations": [],
                  "expectedStatus": "passed",
                  "projectId": "chromium",
                  "projectName": "chromium",
                  "results": [
                    {
                      "workerIndex": 1,
                      "parallelIndex": 0,
                      "status": "passed",
                      "duration": 39836,
                      "errors": [],
                      "stdout": [],
                      "stderr": [],
                      "retry": 0,
                      "startTime": "2026-08-18T12:19:41.921Z",
                      "annotations": [],
                      "attachments": []
                    }
                  ],
                  "status": "expected"
                }
              ],
              "id": "64a8bc863b46cf316967-7a7a8459e04e770019d0",
              "file": "20-login.spec.ts",
              "line": 23,
              "column": 7
            },
            {
              "title": "yanlış şifre ile giriş reddedilir",
              "ok": true,
              "tags": [],
              "tests": [
                {
                  "timeout": 90000,
                  "annotations": [],
                  "expectedStatus": "passed",
                  "projectId": "chromium",
                  "projectName": "chromium",
                  "results": [
                    {
                      "workerIndex": 1,
                      "parallelIndex": 0,
                      "status": "passed",
                      "duration": 34539,
                      "errors": [],
                      "stdout": [],
                      "stderr": [],
                      "retry": 0,
                      "startTime": "2026-08-18T12:20:21.769Z",
                      "annotations": [],
                      "attachments": []
                    }
                  ],
                  "status": "expected"
                }
              ],
              "id": "64a8bc863b46cf316967-ecab2eaf594fdb5fea10",
              "file": "20-login.spec.ts",
              "line": 36,
              "column": 7
            },
            {
              "title": "boş form gönderiminde zorunlu alan uyarısı",
              "ok": true,
              "tags": [],
              "tests": [
                {
                  "timeout": 90000,
                  "annotations": [],
                  "expectedStatus": "passed",
                  "projectId": "chromium",
                  "projectName": "chromium",
                  "results": [
                    {
                      "workerIndex": 1,
                      "parallelIndex": 0,
                      "status": "passed",
                      "duration": 33794,
                      "errors": [],
                      "stdout": [],
                      "stderr": [],
                      "retry": 0,
                      "startTime": "2026-08-18T12:20:56.321Z",
                      "annotations": [],
                      "attachments": []
                    }
                  ],
                  "status": "expected"
                }
              ],
              "id": "64a8bc863b46cf316967-92ecec2f8054f9fcd479",
              "file": "20-login.spec.ts",
              "line": 53,
              "column": 7
            },
            {
              "title": "doğru bilgilerle giriş yapılır ve hesap sayfasına yönlenir",
              "ok": true,
              "tags": [],
              "tests": [
                {
                  "timeout": 45000,
                  "annotations": [],
                  "expectedStatus": "passed",
                  "projectId": "chromium",
                  "projectName": "chromium",
                  "results": [
                    {
                      "workerIndex": 1,
                      "parallelIndex": 0,
                      "status": "passed",
                      "duration": 40109,
                      "errors": [],
                      "stdout": [],
                      "stderr": [],
                      "retry": 0,
                      "startTime": "2026-08-18T12:21:30.128Z",
                      "annotations": [],
                      "attachments": []
                    }
                  ],
                  "status": "expected"
                }
              ],
              "id": "64a8bc863b46cf316967-3606fb36afa2870966df",
              "file": "20-login.spec.ts",
              "line": 64,
              "column": 7
            },
            {
              "title": "korumalı sayfa misafirken login'e yönlendirir",
              "ok": true,
              "tags": [],
              "tests": [
                {
                  "timeout": 45000,
                  "annotations": [],
                  "expectedStatus": "passed",
                  "projectId": "chromium",
                  "projectName": "chromium",
                  "results": [
                    {
                      "workerIndex": 1,
                      "parallelIndex": 0,
                      "status": "passed",
                      "duration": 3008,
                      "errors": [],
                      "stdout": [],
                      "stderr": [],
                      "retry": 0,
                      "startTime": "2026-08-18T12:22:10.250Z",
                      "annotations": [],
                      "attachments": []
                    }
                  ],
                  "status": "expected"
                }
              ],
              "id": "64a8bc863b46cf316967-27959fb7a8dda0c304b0",
              "file": "20-login.spec.ts",
              "line": 78,
              "column": 7
            }
          ]
        }
      ]
    },
    {
      "title": "21-account-overview.spec.ts",
      "file": "21-account-overview.spec.ts",
      "column": 0,
      "line": 0,
      "specs": [],
      "suites": [
        {
          "title": "21 - Hesabım özeti",
          "file": "21-account-overview.spec.ts",
          "line": 8,
          "column": 6,
          "specs": [
            {
              "title": "hesap özeti kullanıcı bilgilerini gösterir",
              "ok": true,
              "tags": [],
              "tests": [
                {
                  "timeout": 45000,
                  "annotations": [],
                  "expectedStatus": "passed",
                  "projectId": "chromium",
                  "projectName": "chromium",
                  "results": [
                    {
                      "workerIndex": 1,
                      "parallelIndex": 0,
                      "status": "passed",
                      "duration": 12278,
                      "errors": [],
                      "stdout": [],
                      "stderr": [],
                      "retry": 0,
                      "startTime": "2026-08-18T12:22:13.302Z",
                      "annotations": [],
                      "attachments": []
                    }
                  ],
                  "status": "expected"
                }
              ],
              "id": "33a4b38f352bae3061c3-f658d4117453b15a440e",
              "file": "21-account-overview.spec.ts",
              "line": 9,
              "column": 7
            },
            {
              "title": "hesap menüsündeki tüm alt sayfalar açılır",
              "ok": true,
              "tags": [],
              "tests": [
                {
                  "timeout": 180000,
                  "annotations": [],
                  "expectedStatus": "passed",
                  "projectId": "chromium",
                  "projectName": "chromium",
                  "results": [
                    {
                      "workerIndex": 1,
                      "parallelIndex": 0,
                      "status": "passed",
                      "duration": 18848,
                      "errors": [],
                      "stdout": [],
                      "stderr": [],
                      "retry": 0,
                      "startTime": "2026-08-18T12:22:25.589Z",
                      "annotations": [],
                      "attachments": []
                    }
                  ],
                  "status": "expected"
                }
              ],
              "id": "33a4b38f352bae3061c3-8156d1e85472e92a24d1",
              "file": "21-account-overview.spec.ts",
              "line": 19,
              "column": 7
            },
            {
              "title": "siparişlerim sayfası liste veya boş durum gösterir",
              "ok": true,
              "tags": [],
              "tests": [
                {
                  "timeout": 45000,
                  "annotations": [],
                  "expectedStatus": "passed",
                  "projectId": "chromium",
                  "projectName": "chromium",
                  "results": [
                    {
                      "workerIndex": 1,
                      "parallelIndex": 0,
                      "status": "passed",
                      "duration": 12776,
                      "errors": [],
                      "stdout": [],
                      "stderr": [],
                      "retry": 0,
                      "startTime": "2026-08-18T12:22:44.452Z",
                      "annotations": [],
                      "attachments": []
                    }
                  ],
                  "status": "expected"
                }
              ],
              "id": "33a4b38f352bae3061c3-b497dd9b08fb9a7b85c1",
              "file": "21-account-overview.spec.ts",
              "line": 43,
              "column": 7
            },
            {
              "title": "favorilerim sayfası liste veya boş durum gösterir",
              "ok": true,
              "tags": [],
              "tests": [
                {
                  "timeout": 45000,
                  "annotations": [],
                  "expectedStatus": "passed",
                  "projectId": "chromium",
                  "projectName": "chromium",
                  "results": [
                    {
                      "workerIndex": 1,
                      "parallelIndex": 0,
                      "status": "passed",
                      "duration": 15875,
                      "errors": [],
                      "stdout": [],
                      "stderr": [],
                      "retry": 0,
                      "startTime": "2026-08-18T12:22:57.244Z",
                      "annotations": [],
                      "attachments": []
                    }
                  ],
                  "status": "expected"
                }
              ],
              "id": "33a4b38f352bae3061c3-7eff03ce652d3d401b76",
              "file": "21-account-overview.spec.ts",
              "line": 54,
              "column": 7
            },
            {
              "title": "çıkış yapınca oturum kapanır ve korumalı sayfa login'e döner",
              "ok": true,
              "tags": [],
              "tests": [
                {
                  "timeout": 120000,
                  "annotations": [],
                  "expectedStatus": "passed",
                  "projectId": "chromium",
                  "projectName": "chromium",
                  "results": [
                    {
                      "workerIndex": 1,
                      "parallelIndex": 0,
                      "status": "passed",
                      "duration": 16531,
                      "errors": [],
                      "stdout": [],
                      "stderr": [],
                      "retry": 0,
                      "startTime": "2026-08-18T12:23:13.135Z",
                      "annotations": [],
                      "attachments": []
                    }
                  ],
                  "status": "expected"
                }
              ],
              "id": "33a4b38f352bae3061c3-78f7b789bf8047b330f5",
              "file": "21-account-overview.spec.ts",
              "line": 62,
              "column": 7
            }
          ]
        }
      ]
    },
    {
      "title": "22-addresses.spec.ts",
      "file": "22-addresses.spec.ts",
      "column": 0,
      "line": 0,
      "specs": [],
      "suites": [
        {
          "title": "22 - Adres yönetimi",
          "file": "22-addresses.spec.ts",
          "line": 12,
          "column": 6,
          "specs": [
            {
              "title": "adres listesi ve 'YENİ ADRES EKLE' formu açılır",
              "ok": true,
              "tags": [],
              "tests": [
                {
                  "timeout": 45000,
                  "annotations": [],
                  "expectedStatus": "passed",
                  "projectId": "chromium",
                  "projectName": "chromium",
                  "results": [
                    {
                      "workerIndex": 1,
                      "parallelIndex": 0,
                      "status": "passed",
                      "duration": 14871,
                      "errors": [],
                      "stdout": [],
                      "stderr": [],
                      "retry": 0,
                      "startTime": "2026-08-18T12:23:29.706Z",
                      "annotations": [],
                      "attachments": []
                    }
                  ],
                  "status": "expected"
                }
              ],
              "id": "c6033e54100d4235f0c5-b1c34b7ea6906a1430e9",
              "file": "22-addresses.spec.ts",
              "line": 13,
              "column": 7
            },
            {
              "title": "boş form kaydedilmeye çalışılınca validasyon verir",
              "ok": true,
              "tags": [],
              "tests": [
                {
                  "timeout": 45000,
                  "annotations": [],
                  "expectedStatus": "passed",
                  "projectId": "chromium",
                  "projectName": "chromium",
                  "results": [
                    {
                      "workerIndex": 1,
                      "parallelIndex": 0,
                      "status": "passed",
                      "duration": 19879,
                      "errors": [],
                      "stdout": [],
                      "stderr": [],
                      "retry": 0,
                      "startTime": "2026-08-18T12:23:44.589Z",
                      "annotations": [],
                      "attachments": []
                    }
                  ],
                  "status": "expected"
                }
              ],
              "id": "c6033e54100d4235f0c5-869ebc1b20c651ce74c4",
              "file": "22-addresses.spec.ts",
              "line": 30,
              "column": 7
            },
            {
              "title": "yeni adres eklenir, listede görünür ve sonra silinir",
              "ok": true,
              "tags": [],
              "tests": [
                {
                  "timeout": 240000,
                  "annotations": [],
                  "expectedStatus": "passed",
                  "projectId": "chromium",
                  "projectName": "chromium",
                  "results": [
                    {
                      "workerIndex": 1,
                      "parallelIndex": 0,
                      "status": "passed",
                      "duration": 33778,
                      "errors": [],
                      "stdout": [],
                      "stderr": [],
                      "retry": 0,
                      "startTime": "2026-08-18T12:24:04.485Z",
                      "annotations": [],
                      "attachments": []
                    }
                  ],
                  "status": "expected"
                }
              ],
              "id": "c6033e54100d4235f0c5-82290fd061d8ea7534fc",
              "file": "22-addresses.spec.ts",
              "line": 46,
              "column": 7
            }
          ]
        }
      ]
    },
    {
      "title": "23-favorites.spec.ts",
      "file": "23-favorites.spec.ts",
      "column": 0,
      "line": 0,
      "specs": [],
      "suites": [
        {
          "title": "23 - Favoriler",
          "file": "23-favorites.spec.ts",
          "line": 11,
          "column": 6,
          "specs": [
            {
              "title": "ürün favoriye eklenir, favorilerimde görünür, sonra kaldırılır",
              "ok": true,
              "tags": [],
              "tests": [
                {
                  "timeout": 240000,
                  "annotations": [],
                  "expectedStatus": "passed",
                  "projectId": "chromium",
                  "projectName": "chromium",
                  "results": [
                    {
                      "workerIndex": 1,
                      "parallelIndex": 0,
                      "status": "passed",
                      "duration": 36055,
                      "errors": [],
                      "stdout": [],
                      "stderr": [],
                      "retry": 0,
                      "startTime": "2026-08-18T12:24:38.287Z",
                      "annotations": [],
                      "attachments": []
                    }
                  ],
                  "status": "expected"
                }
              ],
              "id": "ab2ce3be93bceda3a400-54458f2ddb634602f2b3",
              "file": "23-favorites.spec.ts",
              "line": 12,
              "column": 7
            },
            {
              "title": "favorilerim sayfası liste veya boş durum gösterir",
              "ok": true,
              "tags": [],
              "tests": [
                {
                  "timeout": 45000,
                  "annotations": [],
                  "expectedStatus": "passed",
                  "projectId": "chromium",
                  "projectName": "chromium",
                  "results": [
                    {
                      "workerIndex": 1,
                      "parallelIndex": 0,
                      "status": "passed",
                      "duration": 15700,
                      "errors": [],
                      "stdout": [],
                      "stderr": [],
                      "retry": 0,
                      "startTime": "2026-08-18T12:25:14.352Z",
                      "annotations": [],
                      "attachments": []
                    }
                  ],
                  "status": "expected"
                }
              ],
              "id": "ab2ce3be93bceda3a400-fcc9b037fd011226f1c6",
              "file": "23-favorites.spec.ts",
              "line": 47,
              "column": 7
            }
          ]
        }
      ]
    },
    {
      "title": "24-orders.spec.ts",
      "file": "24-orders.spec.ts",
      "column": 0,
      "line": 0,
      "specs": [],
      "suites": [
        {
          "title": "24 - Siparişler ve iadeler",
          "file": "24-orders.spec.ts",
          "line": 5,
          "column": 6,
          "specs": [
            {
              "title": "siparişlerim sayfası hatasız yüklenir",
              "ok": true,
              "tags": [],
              "tests": [
                {
                  "timeout": 45000,
                  "annotations": [],
                  "expectedStatus": "passed",
                  "projectId": "chromium",
                  "projectName": "chromium",
                  "results": [
                    {
                      "workerIndex": 1,
                      "parallelIndex": 0,
                      "status": "passed",
                      "duration": 12284,
                      "errors": [],
                      "stdout": [],
                      "stderr": [],
                      "retry": 0,
                      "startTime": "2026-08-18T12:25:30.077Z",
                      "annotations": [],
                      "attachments": []
                    }
                  ],
                  "status": "expected"
                }
              ],
              "id": "ba5da72a012225598704-4bb0c2fb5608bb4f228d",
              "file": "24-orders.spec.ts",
              "line": 6,
              "column": 7
            },
            {
              "title": "iadelerim sayfası hatasız yüklenir (API hata durumu yok)",
              "ok": true,
              "tags": [],
              "tests": [
                {
                  "timeout": 45000,
                  "annotations": [],
                  "expectedStatus": "passed",
                  "projectId": "chromium",
                  "projectName": "chromium",
                  "results": [
                    {
                      "workerIndex": 1,
                      "parallelIndex": 0,
                      "status": "passed",
                      "duration": 13088,
                      "errors": [],
                      "stdout": [],
                      "stderr": [],
                      "retry": 0,
                      "startTime": "2026-08-18T12:25:42.371Z",
                      "annotations": [],
                      "attachments": []
                    }
                  ],
                  "status": "expected"
                }
              ],
              "id": "ba5da72a012225598704-731c43e5a387b0539135",
              "file": "24-orders.spec.ts",
              "line": 19,
              "column": 7
            },
            {
              "title": "sipariş özeti hesap ana sayfasında görünür",
              "ok": true,
              "tags": [],
              "tests": [
                {
                  "timeout": 45000,
                  "annotations": [],
                  "expectedStatus": "passed",
                  "projectId": "chromium",
                  "projectName": "chromium",
                  "results": [
                    {
                      "workerIndex": 1,
                      "parallelIndex": 0,
                      "status": "passed",
                      "duration": 12523,
                      "errors": [],
                      "stdout": [],
                      "stderr": [],
                      "retry": 0,
                      "startTime": "2026-08-18T12:25:55.474Z",
                      "annotations": [],
                      "attachments": []
                    }
                  ],
                  "status": "expected"
                }
              ],
              "id": "ba5da72a012225598704-7227fcbcd48bde38617c",
              "file": "24-orders.spec.ts",
              "line": 28,
              "column": 7
            }
          ]
        }
      ]
    },
    {
      "title": "25-checkout-to-payment.spec.ts",
      "file": "25-checkout-to-payment.spec.ts",
      "column": 0,
      "line": 0,
      "specs": [],
      "suites": [
        {
          "title": "25 - Ödeme adımı (sipariş tamamlanmaz)",
          "file": "25-checkout-to-payment.spec.ts",
          "line": 15,
          "column": 6,
          "specs": [
            {
              "title": "sepetten ödeme adımına geçilir ve tüm bölümler render olur",
              "ok": true,
              "tags": [],
              "tests": [
                {
                  "timeout": 180000,
                  "annotations": [],
                  "expectedStatus": "passed",
                  "projectId": "chromium",
                  "projectName": "chromium",
                  "results": [
                    {
                      "workerIndex": 1,
                      "parallelIndex": 0,
                      "status": "passed",
                      "duration": 22619,
                      "errors": [],
                      "stdout": [],
                      "stderr": [],
                      "retry": 0,
                      "startTime": "2026-08-18T12:26:08.029Z",
                      "annotations": [],
                      "attachments": []
                    }
                  ],
                  "status": "expected"
                }
              ],
              "id": "a751a6c03510cb126c57-10bfc09e61685a50de5e",
              "file": "25-checkout-to-payment.spec.ts",
              "line": 22,
              "column": 7
            },
            {
              "title": "ödeme yöntemleri (kredi kartı / havale) seçilebilir",
              "ok": true,
              "tags": [],
              "tests": [
                {
                  "timeout": 180000,
                  "annotations": [],
                  "expectedStatus": "passed",
                  "projectId": "chromium",
                  "projectName": "chromium",
                  "results": [
                    {
                      "workerIndex": 1,
                      "parallelIndex": 0,
                      "status": "passed",
                      "duration": 28096,
                      "errors": [],
                      "stdout": [],
                      "stderr": [],
                      "retry": 0,
                      "startTime": "2026-08-18T12:26:30.657Z",
                      "annotations": [],
                      "attachments": []
                    }
                  ],
                  "status": "expected"
                }
              ],
              "id": "a751a6c03510cb126c57-7ff5af4d1233a20ba531",
              "file": "25-checkout-to-payment.spec.ts",
              "line": 47,
              "column": 7
            },
            {
              "title": "sözleşme metinleri yüklenir (Mesafeli Satış / Ön Bilgilendirme)",
              "ok": false,
              "tags": [],
              "tests": [
                {
                  "timeout": 180000,
                  "annotations": [],
                  "expectedStatus": "passed",
                  "projectId": "chromium",
                  "projectName": "chromium",
                  "results": [
                    {
                      "workerIndex": 1,
                      "parallelIndex": 0,
                      "status": "failed",
                      "duration": 22432,
                      "error": {
                        "message": "Error: sözleşme metinleri yüklenemedi:\nMesafeli satış sözleşmesi yüklenemedi.\nÖn bilgilendirme formu yüklenemedi.\n\n\u001b[2mexpect(\u001b[22m\u001b[31mreceived\u001b[39m\u001b[2m).\u001b[22mtoBe\u001b[2m(\u001b[22m\u001b[32mexpected\u001b[39m\u001b[2m) // Object.is equality\u001b[22m\n\nExpected: \u001b[32mtrue\u001b[39m\nReceived: \u001b[31mfalse\u001b[39m",
                        "stack": "Error: sözleşme metinleri yüklenemedi:\nMesafeli satış sözleşmesi yüklenemedi.\nÖn bilgilendirme formu yüklenemedi.\n\n\u001b[2mexpect(\u001b[22m\u001b[31mreceived\u001b[39m\u001b[2m).\u001b[22mtoBe\u001b[2m(\u001b[22m\u001b[32mexpected\u001b[39m\u001b[2m) // Object.is equality\u001b[22m\n\nExpected: \u001b[32mtrue\u001b[39m\nReceived: \u001b[31mfalse\u001b[39m\n    at /Users/macbookair/Desktop/homee-tests/tests/25-checkout-to-payment.spec.ts:80:73",
                        "location": {
                          "file": "/Users/macbookair/Desktop/homee-tests/tests/25-checkout-to-payment.spec.ts",
                          "column": 73,
                          "line": 80
                        },
                        "snippet": "  78 |\n  79 |     const { ok, errors } = await checkout.contractsLoaded();\n> 80 |     expect(ok, `sözleşme metinleri yüklenemedi:\\n${errors.join(\"\\n\")}`).toBe(true);\n     |                                                                         ^\n  81 |   });\n  82 |\n  83 |   test(\"sözleşme onayı olmadan ödeme butonu ilerletmez\", async ({ memberPage }) => {"
                      },
                      "errors": [
                        {
                          "location": {
                            "file": "/Users/macbookair/Desktop/homee-tests/tests/25-checkout-to-payment.spec.ts",
                            "column": 73,
                            "line": 80
                          },
                          "message": "Error: sözleşme metinleri yüklenemedi:\nMesafeli satış sözleşmesi yüklenemedi.\nÖn bilgilendirme formu yüklenemedi.\n\n\u001b[2mexpect(\u001b[22m\u001b[31mreceived\u001b[39m\u001b[2m).\u001b[22mtoBe\u001b[2m(\u001b[22m\u001b[32mexpected\u001b[39m\u001b[2m) // Object.is equality\u001b[22m\n\nExpected: \u001b[32mtrue\u001b[39m\nReceived: \u001b[31mfalse\u001b[39m\n\n  78 |\n  79 |     const { ok, errors } = await checkout.contractsLoaded();\n> 80 |     expect(ok, `sözleşme metinleri yüklenemedi:\\n${errors.join(\"\\n\")}`).toBe(true);\n     |                                                                         ^\n  81 |   });\n  82 |\n  83 |   test(\"sözleşme onayı olmadan ödeme butonu ilerletmez\", async ({ memberPage }) => {\n    at /Users/macbookair/Desktop/homee-tests/tests/25-checkout-to-payment.spec.ts:80:73"
                        }
                      ],
                      "stdout": [],
                      "stderr": [],
                      "retry": 0,
                      "startTime": "2026-08-18T12:26:58.770Z",
                      "annotations": [],
                      "attachments": [
                        {
                          "name": "screenshot",
                          "contentType": "image/png",
                          "path": "/Users/macbookair/Desktop/homee-tests/test-results/25-checkout-to-payment-25--a9537-eli-Satış-Ön-Bilgilendirme--chromium/test-failed-1.png"
                        },
                        {
                          "name": "error-context",
                          "contentType": "text/markdown",
                          "path": "/Users/macbookair/Desktop/homee-tests/test-results/25-checkout-to-payment-25--a9537-eli-Satış-Ön-Bilgilendirme--chromium/error-context.md"
                        }
                      ],
                      "errorLocation": {
                        "file": "/Users/macbookair/Desktop/homee-tests/tests/25-checkout-to-payment.spec.ts",
                        "column": 73,
                        "line": 80
                      }
                    }
                  ],
                  "status": "unexpected"
                }
              ],
              "id": "a751a6c03510cb126c57-42f92a376d09e2887583",
              "file": "25-checkout-to-payment.spec.ts",
              "line": 70,
              "column": 7
            },
            {
              "title": "sözleşme onayı olmadan ödeme butonu ilerletmez",
              "ok": true,
              "tags": [],
              "tests": [
                {
                  "timeout": 180000,
                  "annotations": [],
                  "expectedStatus": "passed",
                  "projectId": "chromium",
                  "projectName": "chromium",
                  "results": [
                    {
                      "workerIndex": 2,
                      "parallelIndex": 0,
                      "status": "passed",
                      "duration": 18968,
                      "errors": [],
                      "stdout": [],
                      "stderr": [],
                      "retry": 0,
                      "startTime": "2026-08-18T12:27:21.964Z",
                      "annotations": [],
                      "attachments": []
                    }
                  ],
                  "status": "expected"
                }
              ],
              "id": "a751a6c03510cb126c57-1c5ab7bdb1e1cb9493d5",
              "file": "25-checkout-to-payment.spec.ts",
              "line": 83,
              "column": 7
            },
            {
              "title": "adres olmadan uyarı gösterilir",
              "ok": true,
              "tags": [],
              "tests": [
                {
                  "timeout": 180000,
                  "annotations": [],
                  "expectedStatus": "passed",
                  "projectId": "chromium",
                  "projectName": "chromium",
                  "results": [
                    {
                      "workerIndex": 2,
                      "parallelIndex": 0,
                      "status": "passed",
                      "duration": 22511,
                      "errors": [],
                      "stdout": [],
                      "stderr": [],
                      "retry": 0,
                      "startTime": "2026-08-18T12:27:42.057Z",
                      "annotations": [],
                      "attachments": []
                    }
                  ],
                  "status": "expected"
                }
              ],
              "id": "a751a6c03510cb126c57-8787c5a49aa9c74897f4",
              "file": "25-checkout-to-payment.spec.ts",
              "line": 99,
              "column": 7
            },
            {
              "title": "sipariş tamamlama guard'ı aktif (ALLOW_HOMEE_ORDERS)",
              "ok": true,
              "tags": [],
              "tests": [
                {
                  "timeout": 45000,
                  "annotations": [],
                  "expectedStatus": "passed",
                  "projectId": "chromium",
                  "projectName": "chromium",
                  "results": [
                    {
                      "workerIndex": 2,
                      "parallelIndex": 0,
                      "status": "passed",
                      "duration": 13320,
                      "errors": [],
                      "stdout": [],
                      "stderr": [],
                      "retry": 0,
                      "startTime": "2026-08-18T12:28:04.603Z",
                      "annotations": [],
                      "attachments": []
                    }
                  ],
                  "status": "expected"
                }
              ],
              "id": "a751a6c03510cb126c57-c7a9d480f647cc3ac610",
              "file": "25-checkout-to-payment.spec.ts",
              "line": 116,
              "column": 7
            }
          ]
        }
      ]
    }
  ],
  "errors": [],
  "stats": {
    "startTime": "2026-08-18T12:12:22.777Z",
    "duration": 955412.9280000001,
    "expected": 75,
    "skipped": 0,
    "unexpected": 2,
    "flaky": 0
  }
}
EXIT=1
